,企业_X,品牌_X,类型_X,产品型号_X,变更扩展记录_X,推荐目录颁布年份_X,推荐目录颁布批次_X,外廓尺寸宽(mm)_X,外廓尺寸长(mm)_X,外廓尺寸高(mm)_X,总质量(kg)_X,整备质量(kg)_X,储能装置总储电量(kWh)_X,储能装置种类_X,电池系统总质量占整车整备质量比例(%)_X,电池系统能量密度(Wh/kg)_X,快充倍率_X,工况条件下百公里耗电量(Y)(kWh/100km)_X,是否允许外接充电_X,发动机型号_X,发动机生产企业_X,排量/功率(ml/kW)_X,燃料消耗量(L/100km，B状态)_X,燃料消耗量(L/100km，电量平衡运行阶段)_X,燃料电池系统峰值功率(kW)_X,燃料电池系统生产企业(主要包含电堆)_X,燃料电池系统额定功率(kW)_X,燃料种类_X,驱动电机峰值功率/转速/转矩(kW /r/min/N.m)_X,驱动电机类型_X,最高车速(km/h)_X,纯电动模式下续驶里程(km，工况法)_X,纯电动模式下续驶里程(km，等速法)_X,续驶里程(km，工况法)_X,续驶里程(km，等速法)_X,节油率水平(%)_X,Ekg单位载质量能量消耗量(Wh/km·kg)_X,30分钟最高车速(km/h)_X,吨百公里电耗(kWh/t·100km)_X,车辆基本信_X
0,中国第一汽车集团公司,解放牌,纯电动售货车,CA5120XSHBEV21,nan,2017,8,2500,11990,3250,12000,10200,77.60,三元材料锂离子蓄电池,nan,110.90,nan,nan,nan,nan,nan,nan,nan,nan,nan,nan,nan,nan,160/3500/1800,永磁同步电机,60,nan,nan,nan,112,nan,nan,nan,4.00,配置ID： NC237840
1,中国第一汽车集团公司,解放牌,纯电动城市客车,CA6100URBEV23,nan,2017,8,2500,10490,"3100,3300",17000,"11000,11250",177.41,磷酸铁锂电池,16.60,103.71,nan,nan,nan,nan,nan,nan,nan,nan,nan,nan,nan,nan,150/2400/2500,永磁同步电机,69,nan,nan,nan,292,nan,0.217,nan,nan,配置ID： NC229710
2,一汽吉林汽车有限公司,森雅牌,纯电动轿车,CA7007REV,nan,2017,8,1780,4305,1655,1845,1470,nan,三元锂离子电池,nan,117.25,nan,19.09,nan,nan,nan,nan,nan,nan,nan,nan,nan,nan,80/12000/228,永磁同步电机,140,nan,nan,180,nan,nan,nan,130,nan,配置ID： NC238200
3,东风汽车公司,东风牌,纯电动厢式运输车,EQ5022XXYTBEV3,nan,2017,8,1630,4178,1898,2185,1450,44.00,三元锂电池,nan,122.46,nan,nan,nan,nan,nan,nan,nan,nan,nan,nan,nan,nan,64/8200/230,高效异步驱动电机,85,nan,nan,232,nan,nan,0.493,nan,nan,配置ID： NC237627
4,东风汽车公司,东风牌,纯电动厢式运输车,EQ5040XXYACBEV12,nan,2017,8,2100,5995,"2890,3090",4495,3175,83.60,三元材料锂离子电池,nan,119.68,nan,nan,nan,nan,nan,nan,nan,nan,nan,nan,nan,nan,100/3500/955,永磁同步电机,90,nan,nan,nan,255,nan,0.411,nan,nan,配置ID： NC233269
5,东风汽车公司,东风牌,纯电动厢式运输车,EQ5040XXYACBEV13,nan,2017,8,"2000,2205,2305",5995,"2890,3090",4495,3060,83.87,磷酸铁锂电池,nan,114.44,nan,nan,nan,nan,nan,nan,nan,nan,nan,nan,nan,nan,100/3500/955,永磁同步电机,90,nan,nan,nan,245,nan,0.403,nan,nan,配置ID： NC239038
6,东风汽车公司,东风牌,纯电动流动服务车,EQ5041XDWACBEV,nan,2017,8,"2036, 2036","5800,5980, 5800,5980","2375,2590,2800, 2375,2590,2800","4500, 4500","3300, 3300","80.40, 80.40","三元材料锂离子, 三元材料锂离子",nan,"109.20, 109.20",nan,nan,nan,nan,nan,nan,nan,nan,nan,nan,nan,nan,"90/5000/480, 90/6000/450","永磁同步牵引电动机, 永磁同步电机","100, 100",nan,nan,nan,"300, 300",nan,nan,nan,"5.97, 5.97","配置ID： NC186752, 配置ID： NC186749"
7,东风汽车公司,东风牌,纯电动厢式运输车,EQ5041XXYACBEV15,nan,2017,8,2036,"5800,5980","2375,2590",4495,2800,71.38,三元材料锂离子电池,nan,116.43,nan,nan,nan,nan,nan,nan,nan,nan,nan,nan,nan,nan,90/6000/480,永磁同步电机,100,nan,nan,nan,300,nan,0.274,nan,nan,配置ID： NC239421
8,东风汽车公司,东风牌,纯电动厢式运输车,EQ5044XXYACBEV,nan,2017,8,2040,5990,2740,4495,2800,75.00,锰酸锂材料锂离子,nan,106.58,nan,nan,nan,nan,nan,nan,nan,nan,nan,nan,nan,nan,92/4500/750,永磁同步电机,100,nan,nan,nan,280,nan,0.306,nan,nan,配置ID： NC239137
9,东风汽车公司,东风牌,纯电动厢式运输车,EQ5045XXYTBEV11,nan,2017,8,"2020,2100,2200","5900,5995","2940,3000",4495,3120,90.40,三元锂离子电池,nan,127.00,nan,nan,nan,nan,nan,nan,nan,nan,nan,nan,nan,nan,94/6000/320,永磁同步电机,90,nan,nan,nan,322,nan,0.344,nan,nan,配置ID： NC239754
10,东风汽车公司,东风牌,纯电动厢式运输车,EQ5045XXYTBEV13,nan,2017,8,"2020,2100,2200","5900,5995","2940,3000",4495,3250,99.80,三元锂离子电池,nan,122.63,nan,nan,nan,nan,nan,nan,nan,nan,nan,nan,nan,nan,130/5000/750,永磁同步电机,95,nan,nan,nan,356,nan,0.404,nan,nan,配置ID： NC239839
11,东风汽车公司,东风牌,纯电动厢式运输车,EQ5045XXYTBEV14,nan,2017,8,"2020,2100,2200","5900,5995","2940,3000",4495,3150,88.00,三元锂离子电池,nan,120.52,nan,nan,nan,nan,nan,nan,nan,nan,nan,nan,nan,nan,100/4000/750,永磁同步电机,90,nan,nan,nan,316,nan,0.371,nan,nan,配置ID： NC239881
12,东风汽车公司,东风牌,纯电动厢式运输车,EQ5045XXYTBEV9,nan,2017,8,"2020,2100,2200","5900,5995","2940,3000",4495,3160,83.10,三元锂离子电池,nan,104.80,nan,nan,nan,nan,nan,nan,nan,nan,nan,nan,nan,nan,130/5000/850,永磁同步电机,95,nan,nan,nan,300,nan,0.371,nan,nan,配置ID： NC239527
13,东风汽车公司,东风牌,纯电动厢式运输车,EQ5180XXYTBEV1,nan,2017,8,2550,"11860,9760","3990,3870,3700,3500",18000,9200,122.57,磷酸铁锂电池,nan,"122.84,126.51",nan,nan,nan,nan,nan,nan,nan,nan,nan,nan,nan,nan,185/3500/1300,永磁同步电机,85,nan,nan,nan,100,nan,0.244,nan,nan,配置ID： NC238634
14,金华青年汽车制造有限公司,青年牌,燃料电池城市客车,JNP6103BFCEV,nan,2017,8,2500,10150,3405,15000,10200,nan,nan,nan,nan,nan,nan,nan,nan,nan,nan,nan,nan,31.0,南通百应能源有限公司,30.0,燃料电池,nan,nan,69,nan,nan,nan,390,nan,nan,nan,nan,配置ID： NC238554
15,金华青年汽车制造有限公司,青年牌,纯电动轿车,JNP7007BEV1,nan,2017,8,1635,3585,1475,1280,980,nan,三元材料锂离子电池,nan,139.41,nan,11.40,nan,nan,nan,nan,nan,nan,nan,nan,nan,nan,30/7000/150,永磁同步,105,nan,nan,150.5,nan,nan,nan,105,nan,配置ID： NC238414
16,北京汽车制造厂有限公司,北京牌,纯电动厢式运输车,BJ5020XXY1Z432BEV,nan,2017,8,"1656, 1656","4212, 4212","1910, 1910","1950, 1950","1350,1370, 1350,1370","33.00, 33.00","三元材料锂离子动力蓄电池, 三元材料锂离子动力蓄电池",nan,"110.10, 110.10",nan,nan,nan,nan,nan,nan,nan,nan,nan,nan,nan,nan,"45/6000/170, 45/8000/180","永磁同步电机, 永磁同步电机","100, 100",nan,nan,"200, 200",nan,nan,"0.441, 0.452",nan,nan,"配置ID： NC215437, 配置ID： NC215261"
17,北京汽车制造厂有限公司,北京牌,纯电动多用途乘用车,BJ6420MA42BEV,nan,2017,8,"1656, 1656","4212, 4212","1910, 1910","1950, 1950","1400, 1400",nan,"三元材料锂离子动力蓄电池, 三元材料锂离子动力蓄电池",nan,"110.10, 110.10",nan,"12.80, 13.10",nan,nan,nan,nan,nan,nan,nan,nan,nan,nan,"45/6000/170, 45/8000/180","永磁同步电机, 永磁同步电机","100, 100",nan,nan,"200, 200",nan,nan,nan,"100, 100",nan,"配置ID： NC215429, 配置ID： NC215100"
18,北汽福田汽车股份有限公司,福田牌,纯电动邮政车,BJ5048XYZEV1,nan,2017,8,2000,5990,2620,4250,2850,66.60,三元锂离子蓄电池,nan,103.10,nan,nan,nan,nan,nan,nan,nan,nan,nan,nan,nan,nan,100/4200/800,永磁同步电机,100,nan,nan,nan,307,nan,0.341,nan,nan,配置ID： NC239056
19,北汽福田汽车股份有限公司,福田牌,纯电动客车,BJ6117EVUA-3,nan,2017,8,"2550, 2550","11210, 11210","3420,3560, 3420,3560","16400, 16400","11500,11800, 11500,11800","145.15, 165.88","磷酸铁锂蓄电池, 磷酸铁锂蓄电池","10.80, 12.40","119.30, 119.30",nan,nan,nan,nan,nan,nan,nan,nan,nan,nan,nan,nan,"150/3000/2800, 150/3000/2800","永磁同步电机, 永磁同步电机","100, 100",nan,nan,nan,"275, 315",nan,"0.234, 0.232",nan,nan,"配置ID： NC240160, 配置ID： NC240152"
20,北汽福田汽车股份有限公司,福田牌,燃料电池城市客车,BJ6123FCEVCH-1,nan,2017,8,2550,12000,3460,18000,"12200,12700,13400",nan,nan,nan,nan,nan,nan,nan,nan,nan,nan,nan,nan,61.0,北京亿华通科技股份有限公司,60.0,氢气,nan,nan,69,nan,nan,nan,450(氢系统工作),nan,nan,nan,nan,配置ID： NC240562
21,北汽福田汽车股份有限公司,福田牌,燃料电池城市客车,BJ6851FCEVCH,nan,2017,8,2450,8540,3280,12500,"8600,8800",nan,nan,nan,nan,nan,nan,nan,nan,nan,nan,nan,nan,31.0,北京亿华通科技股份有限公司,30.5,氢气,nan,nan,69,nan,nan,nan,425(氢系统工作),nan,nan,nan,nan,配置ID： NC240497
22,北汽福田汽车股份有限公司,福田牌,插电式混合动力城市客车,BJ6905CHEVCA-11,nan,2017,8,"2450, 2450","8990, 8990","3000,3100, 3000,3100","13700, 13700","8650,9200, 8650,9200","30.34, 30.34","锰酸锂离子动力电池, 锰酸锂离子动力电池","3.60,3.40, 3.60,3.40",nan,nan,nan,"是, 是","WP5.180E51, YC4G180-50","潍柴动力股份有限公司, 广西玉柴机器股份有限公司","4980/132, 5200/132",nan,"15.09, 14.91",nan,nan,nan,"柴油/电混合动力, 柴油/电混合动力","135/3000/1600, 135/3000/1600","永磁同步电机, 永磁同步电机","69, 69",nan,"67, 67",nan,nan,"50.50, 51.10",nan,nan,nan,"配置ID： NC239820, 配置ID： NC239643"
23,北京汽车股份有限公司,北京牌,纯电动厢式运输车,BJ5023XXYV3RK-BEV,nan,2017,8,1650,4500,1940,2410,1600,43.50,三元锰酸锂动力电池,nan,113.60,nan,nan,nan,nan,nan,nan,nan,nan,nan,nan,nan,nan,62/7500/220,永磁同步电机,80,nan,nan,220,nan,nan,0.460,nan,nan,配置ID： NC240025
24,北京汽车股份有限公司,北京牌,纯电动邮政车,BJ5023XYZV3RK-BEV,nan,2017,8,1650,4500,"1940,2150",2410,1600,43.50,三元锰酸锂动力电池,nan,113.60,nan,nan,nan,nan,nan,nan,nan,nan,nan,nan,nan,nan,62/7500/220,永磁同步电机,80,nan,nan,220,nan,nan,0.460,nan,nan,配置ID： NC240092
25,北京汽车股份有限公司,北京牌,纯电动轿车,BJ7000U3D7-BEV,nan,2017,8,1750,4110,1583,1880,1480,nan,三元镍钴锰酸锂电池,nan,122.68,nan,16.40,nan,nan,nan,nan,nan,nan,nan,nan,nan,nan,80/9000/230,永磁同步电机,100,nan,nan,318,nan,nan,nan,100,nan,配置ID： NC230262
26,荣成华泰汽车有限公司,华泰牌,纯电动多用途乘用车,SDH6390BEVQL,nan,2017,8,1622,3866,1638,1595,1220,nan,锂离子动力蓄电池,nan,100.41,nan,12.90,nan,nan,nan,nan,nan,nan,nan,nan,nan,nan,41.8/8200/150,永磁同步电机,100,nan,nan,155,nan,nan,nan,100,nan,配置ID： NC239682
27,荣成华泰汽车有限公司,华泰圣达菲牌,纯电动多用途乘用车,SDH6440BEVGL2,nan,2017,8,1862,4426,1683;1709,2174,1799,nan,三元材料锂离子动力电池,nan,134.29,nan,16.60,nan,nan,nan,nan,nan,nan,nan,nan,nan,nan,80/9000/220.,永磁同步电机,130,nan,nan,380,nan,nan,nan,130,nan,配置ID： NC239398
28,荣成华泰汽车有限公司,华泰牌,纯电动轿车,SDH7000BEVBL1,nan,2017,8,1794,4777,1481,2110,1735,nan,三元材料锂离子电池,nan,135.90,nan,16.10,nan,nan,nan,nan,nan,nan,nan,nan,nan,nan,80/9000/220,永磁同步电机,130,nan,nan,320,nan,nan,nan,130,nan,配置ID： NC240836
29,荣成华泰汽车有限公司,华泰牌,纯电动轿车,SDH7000BEVRL,nan,2017,8,1587,3600,1527,1500,1125,nan,锂离子动力蓄电池,nan,96.96,nan,12.39,nan,nan,nan,nan,nan,nan,nan,nan,nan,nan,41.8/8200/150,永磁同步电机,100,nan,nan,160,nan,nan,nan,100,nan,配置ID： NC241052
30,丹东黄海汽车有限责任公司,黄海牌,插电式混合动力城市客车,DD6109CHEV8N,nan,2017,8,2482,10490,3440,16520,"11200,11600",41.96,锰酸锂蓄电池,5.80,nan,nan,nan,是,CA6SF2-21E5N,一汽解放汽车有限公司无锡柴油机厂,7130/158,nan,nan,nan,nan,nan,NG/电混合动力,135/3500/1000,永磁同步电机,69,nan,80,nan,nan,nan,nan,nan,nan,配置ID： NC238716
31,山东凯马汽车制造有限公司,凯马牌,纯电动载货汽车,KMC1035EVK30D,nan,2017,8,"1700,1840","4880,5360,4770",2100,3490,1980,51.39,三元锂离子蓄电池,nan,104.88,nan,nan,nan,nan,nan,nan,nan,nan,nan,nan,nan,nan,50/6000/200,永磁同步电机,80,nan,nan,200,nan,nan,0.261,nan,nan,配置ID： NC198531
32,山东凯马汽车制造有限公司,凯马牌,纯电动载货汽车,KMC1042EVK33D,nan,2017,8,2240,5995,2390,4495,3200,74.28,三元锂离子电池,nan,117.90,nan,nan,nan,nan,nan,nan,nan,nan,nan,nan,nan,nan,120/4500/800,永磁同步电机,80,nan,nan,nan,270,nan,0.416,nan,nan,配置ID： NC198125
33,山东凯马汽车制造有限公司,凯马牌,纯电动冷藏车,KMC5035XLCEVK30D,nan,2017,8,"1760,1900","4920,5400,4810","2560,2360",3490,2260,51.39,三元锂离子蓄电池,nan,104.88,nan,nan,nan,nan,nan,nan,nan,nan,nan,nan,nan,nan,50/6000/200,永磁同步电机,80,nan,nan,200,nan,nan,0.320,nan,nan,配置ID： NC198705
34,山东凯马汽车制造有限公司,凯马牌,纯电动厢式运输车,KMC5035XXYEVK30D,nan,2017,8,"1760,1900","4920,5400,4810","2560,2360",3490,2050,51.39,三元锂离子蓄电池,nan,104.88,nan,nan,nan,nan,nan,nan,nan,nan,nan,nan,nan,nan,50/6000/200,永磁同步电机,80,nan,nan,200,nan,nan,0.274,nan,nan,配置ID： NC198712
35,山东凯马汽车制造有限公司,凯马牌,纯电动厢式运输车,KMC5042XXYEVK33D,nan,2017,8,2240,5995,"3200,3000",4495,3305,74.28,三元锂离子电池,nan,117.90,nan,nan,nan,nan,nan,nan,nan,nan,nan,nan,nan,nan,120/4500/800,永磁同步电机,80,nan,nan,nan,270,nan,0.416,nan,nan,配置ID： NC239019
36,广西华奥汽车制造有限公司,金华奥牌,纯电动城市客车,CCA6830BEVG02,nan,2017,8,2360,8340,"2910,3050",12500,7900,110.60,磷酸铁锂蓄电池,14.10,102.47,nan,nan,nan,nan,nan,nan,nan,nan,nan,nan,nan,nan,135/3000/2000,永磁同步牵引电动机,69,nan,nan,nan,295,nan,0.128,nan,nan,配置ID： NC217752
37,上海汽车商用车有限公司,大通牌,纯电动厢式运输车,SH5041XXYA9EV-6F,nan,2017,8,"2100,2200",5995,3000,4160,2600,71.00,锰酸锂蓄电池,nan,133.44,nan,nan,nan,nan,nan,nan,nan,nan,nan,nan,nan,nan,100/10000/320,永磁同步电机,100,nan,nan,nan,330,nan,0.267,nan,nan,配置ID： NC238550
38,上海申沃客车有限公司,申沃牌,纯电动城市客车,SWB6128BEV23,nan,2017,8,2500,11990,3470,18000,12100,110.59,磷酸铁锂蓄电池,12.15,nan,"5.18C,5.27C",nan,nan,nan,nan,nan,nan,nan,nan,nan,nan,nan,150/10000/530,交流感应电机,69,nan,nan,nan,nan,nan,0.185,nan,nan,配置ID： NC238888
39,上海申沃客车有限公司,申沃牌,纯电动铰接城市客车,SWB6188BEV21,nan,2017,8,2500,17990,3470,28000,18700,147.46,磷酸铁锂蓄电池,10.50,nan,"5.27C,5.18C",nan,nan,nan,nan,nan,nan,nan,nan,nan,nan,nan,245/3000/3600,永磁同步电机,69,nan,nan,nan,nan,nan,0.158,nan,nan,配置ID： NC238863
40,北汽(常州)汽车有限公司,北京牌,纯电动流动服务车,BJ5040XDWCJ02EV,nan,2017,8,2020,5960,"2650,2360",4495,2960,88.92,三元锂离子电池,nan,129.60,nan,nan,nan,nan,nan,nan,nan,nan,nan,nan,nan,nan,135/5200/780,永磁同步电机,100,nan,nan,nan,280,nan,nan,nan,8.36,配置ID： NC239705
41,北汽(常州)汽车有限公司,北京牌,纯电动厢式运输车,BJ5040XXYCJ02EV,nan,2017,8,2020,5960,"2650,2360",4495,2860,74.34,锂离子动力电池,nan,126.50,nan,nan,nan,nan,nan,nan,nan,nan,nan,nan,nan,nan,135/5200/780,永磁同步电机,100,nan,nan,nan,256,nan,0.323,nan,nan,配置ID： NC230341
42,北汽(常州)汽车有限公司,北京牌,纯电动厢式运输车,BJ5040XXYCJ06EV,nan,2017,8,2020,5960,"2650,2360",4495,2860,91.60,锂离子蓄电池,nan,133.63,nan,nan,nan,nan,nan,nan,nan,nan,nan,nan,nan,nan,135/5200/780,永磁同步电机,100,nan,nan,nan,315,nan,0.336,nan,nan,配置ID： NC239587
43,北汽(常州)汽车有限公司,北京牌,插电式混合动力城市客车,BJ6101B11CHEV,nan,2017,8,2532,10490,"3150,3220",16600,"10800,11200",42.12,锰酸锂蓄电池,3.70,nan,nan,nan,允许,CA6DLD-20E5,一汽解放汽车有限公司无锡柴油机厂,6600/149,nan,14.40,nan,nan,nan,柴油/电混合动力,135/3500/1000,永磁同步电机,69,nan,65,nan,nan,61.60,nan,nan,nan,配置ID： NC240617
44,北汽(常州)汽车有限公司,北京牌,插电式混合动力城市客车,BJ6101B11PHEVN,nan,2017,8,2532,10490,"3150,3220",16600,"10900,11300",42.12,锰酸锂蓄电池,3.70,nan,nan,nan,允许,CA6SF2-21E5N,一汽解放汽车有限公司无锡柴油机厂,7130/158,nan,nan,nan,nan,nan,LNG/电混合动力,135/3500/1000,永磁同步电机,69,nan,65,nan,nan,nan,nan,nan,nan,配置ID： NC240171
45,北汽(常州)汽车有限公司,北京牌,插电式混合动力城市客车,BJ6121B11CHEV,nan,2017,8,2532,11980,"3150,3220",18000,"11400,11800",42.12,锰酸锂蓄电池,3.50,nan,nan,nan,允许,CA6DLD-22E5,一汽解放汽车有限公司无锡柴油机厂,6600/164,nan,18.10,nan,nan,nan,柴油/电混合动力,135/3500/1000,永磁同步电机,69,nan,60,nan,nan,51.70,nan,nan,nan,配置ID： NC240631
46,扬州亚星客车股份有限公司,亚星牌,纯电动城市客车,JS6108GHBEV18,nan,2017,8,2500,10500,"3050,3265",16500,"10000,10500",188.16,磷酸铁锂蓄电池,16.00,117.21,nan,nan,nan,nan,nan,nan,nan,nan,nan,nan,nan,nan,200/3100/2100,永磁同步电机,69,nan,nan,nan,335,nan,0.169,nan,nan,配置ID： NC238712
47,扬州亚星客车股份有限公司,亚星牌,纯电动城市客车,JS6128GHBEV15,nan,2017,8,2550,12000,"3050,3265",18000,"12500,12900",242.18,磷酸铁锂蓄电池,19.40,100.00,nan,nan,nan,nan,nan,nan,nan,nan,nan,nan,nan,nan,200/3100/2100,永磁同步电机,69,nan,nan,nan,385,nan,0.231,nan,nan,配置ID： NC238020
48,扬州亚星客车股份有限公司,亚星牌,纯电动城市客车,JS6851GHBEV15,nan,2017,8,2400,8540,"3050,3210",12500,"7400,7800",107.52,磷酸铁锂蓄电池,12.40,122.32,nan,nan,nan,nan,nan,nan,nan,nan,nan,nan,nan,nan,140/2080/2100,永磁同步电机,69,nan,nan,nan,275,nan,0.150,nan,nan,配置ID： NC238882
49,浙江飞碟汽车制造有限公司,飞碟牌,纯电动厢式运输车,FD5024XXYBEV,nan,2017,8,1400,3910,1905,1700,1070,25.92,三元电池,nan,106.33,nan,nan,nan,nan,nan,nan,nan,nan,nan,nan,nan,nan,24/6000/110,三相永磁同步电机,80,nan,nan,180,nan,nan,0.398,nan,nan,配置ID： NC235454
50,浙江豪情汽车制造有限公司,帝豪牌,纯电动轿车,JL7001BEV55,nan,2017,8,1663,3778,1519,1450,1075,nan,三元锂离子动力电池,nan,124.03,nan,14.20,nan,nan,nan,nan,nan,nan,nan,nan,nan,nan,47.2/8200/150,永磁同步电机,110,nan,nan,155,nan,nan,nan,110,nan,配置ID： NC231243
51,浙江豪情汽车制造有限公司,吉利牌,纯电动轿车,JL7001BEV56,nan,2017,8,"1540, 1540","2806, 2806","1555, 1555","955, 955","775, 775",nan,"动力锂离子电池, 动力锂离子电池",nan,"135.13, 135.13",nan,"11.20, 10.90",nan,nan,nan,nan,nan,nan,nan,nan,nan,nan,"30/7250/85, 30/7200/90","永磁同步电机, 永磁同步电机","100, 100",nan,nan,"155, 155",nan,nan,nan,"100, 100",nan,"配置ID： NC239318, 配置ID： NC239314"
52,浙江豪情汽车制造有限公司,吉利牌,纯电动轿车,JL7001BEV57,nan,2017,8,"1540, 1540","2806, 2806","1555, 1555","955, 955","775, 775",nan,"三元锂离子动力电池, 三元锂离子动力电池",nan,"151.50, 151.50",nan,"10.70, 10.70",nan,nan,nan,nan,nan,nan,nan,nan,nan,nan,"30/7250/85, 30/7200/90","永磁同步电机, 永磁同步电机","100, 100",nan,nan,"155, 155",nan,nan,nan,"100, 100",nan,"配置ID： NC239322, 配置ID： NC239320"
53,浙江豪情汽车制造有限公司,吉利牌,纯电动轿车,JL7001BEV58,nan,2017,8,"1540, 1540","2806, 2806","1555, 1555","1000, 1000","820, 820",nan,"多元复合锂电池, 多元复合锂电池",nan,"136.89, 136.89",nan,"11.30, 11.20",nan,nan,nan,nan,nan,nan,nan,nan,nan,nan,"30/7250/85, 30/7200/90","永磁同步电机, 永磁同步电机","100, 100",nan,nan,"255, 255",nan,nan,nan,"100, 100",nan,"配置ID： NC239334, 配置ID： NC239327"
54,浙江豪情汽车制造有限公司,吉利牌,纯电动轿车,JL7001BEV61,nan,2017,8,"1585, 1585","2975, 2975","1590, 1590","1000, 1000","850, 850",nan,"三元锂离子动力电池, 三元锂离子动力电池",nan,"151.50, 151.50",nan,"11.50, 11.30",nan,nan,nan,nan,nan,nan,nan,nan,nan,nan,"30/7300/95, 30/7300/95","永磁同步电机, 永磁同步电机","100, 100",nan,nan,"155, 155",nan,nan,nan,"100, 100",nan,"配置ID： NC239337, 配置ID： NC239335"
55,浙江吉利汽车有限公司,吉利美日牌,纯电动轿车,MR7002BEV08,nan,2017,8,1789,4631,1495,1970,1595,nan,三元锂离子动力电池,nan,142.07,nan,14.63,nan,nan,nan,nan,nan,nan,nan,nan,nan,nan,120/12000/250,三相调速永磁同步电机,140,nan,nan,400,nan,nan,nan,140,nan,配置ID： NC231046
56,浙江吉利汽车有限公司,吉利牌,纯电动轿车,SMA7001BEV40,nan,2017,8,1745,3971,1496,1530,1155,nan,三元材料锂离子动力电池,nan,130.93,nan,13.40,nan,nan,nan,nan,nan,nan,nan,nan,nan,nan,49/7000/175,交流异步电机,102,nan,nan,151,nan,nan,nan,102,nan,配置ID： NC238239
57,安徽安凯汽车股份有限公司,安凯牌,纯电动城市客车,HFF6100G03EV-61,nan,2017,8,2500,10450,"3150,3250",17000,12500,290.30,磷酸铁锂电池,19.70,119.30,nan,nan,nan,nan,nan,nan,nan,nan,nan,nan,nan,nan,200/3000/2800,永磁同步电机,69,nan,nan,nan,576,nan,0.212,nan,nan,配置ID： NC238765
58,安徽安凯汽车股份有限公司,安凯牌,纯电动城市客车,HFF6109G03EV5,nan,2017,8,2500,10450,"3150,3250",16500,"11000,11660",207.36,磷酸铁锂电池,18.40,103.50,nan,nan,nan,nan,nan,nan,nan,nan,nan,nan,nan,nan,200/3000/2800,永磁同步电机,69,nan,nan,nan,440,nan,0.193,nan,nan,配置ID： NC238809
59,安徽安凯汽车股份有限公司,安凯牌,纯电动城市客车,HFF6800G03EV4,nan,2017,8,2350,8005,"3000,3100",10200,"6800,7200",99.69,磷酸铁锂电池,11.80,120.02,nan,nan,nan,nan,nan,nan,nan,nan,nan,nan,nan,nan,150/3000/1500,永磁同步电机,69,nan,nan,nan,300,nan,0.217,nan,nan,配置ID： NC238822
60,安徽江淮汽车股份有限公司,江淮牌,纯电动路面养护车,HFC5031TYHPV4EV5B3,nan,2017,8,1765,5390,2160,2980,2540,42.77,磷酸铁锂蓄电池,nan,94.80,nan,nan,nan,nan,nan,nan,nan,nan,nan,nan,nan,nan,50/7200/220,永磁同步电机,80,nan,nan,205,nan,nan,nan,nan,8.20,配置ID： NC240945
61,安徽江淮汽车股份有限公司,江淮牌,纯电动轿车,HFC7001A3EV,nan,2017,8,"1710, 1710","4320, 4320","1515, 1515","1635, 1635","1260, 1260",nan,"磷酸铁锂动力电池, 磷酸铁锂动力电池",nan,"100.32, 100.32",nan,"16.03, 16.03",nan,nan,nan,nan,nan,nan,nan,nan,nan,nan,"50/7200/215, 50/7200/215","永磁同步内转子电机, 永磁同步内转子电机","120, 120",nan,nan,"180, 180",nan,nan,nan,"120, 120",nan,"配置ID： NC237926, 配置ID： NC237899"
62,福建省汽车工业集团云度新能源汽车股份有限公司,云度牌,纯电动轿车,YDE7000BEV2A,nan,2017,8,1765,4340,1610,1825,1450,nan,三元锂离子蓄电池,nan,126.40,nan,16.70,nan,nan,nan,nan,nan,nan,nan,nan,nan,nan,90/9300/270,永磁同步电动机,140,nan,nan,260,nan,nan,nan,120,nan,配置ID： NC238529
63,福建新龙马汽车股份有限公司,福建牌,纯电动厢式运输车,FJ5020XXYBEVA16,nan,2017,8,1677,4071,1902,1980,"1340,1350",36.30,镍钴锰酸锂电池,nan,114.97,nan,nan,nan,nan,nan,nan,nan,nan,nan,nan,nan,nan,45/8000/180,永磁同步电机,100,nan,nan,220,nan,nan,0.460,nan,nan,配置ID： NC228889
64,福建新龙马汽车股份有限公司,福建牌,纯电动厢式运输车,FJ5020XXYBEVA19,nan,2017,8,1677,4071,1902,1980,"1355,1365",37.60,磷酸铁锂蓄电池,nan,114.07,nan,nan,nan,nan,nan,nan,nan,nan,nan,nan,nan,nan,45/8000/180,永磁同步电机,100,nan,nan,235,nan,nan,0.498,nan,nan,配置ID： NC230042
65,一汽解放青岛汽车有限公司,解放牌,纯电动自卸汽车,CA3251P66T1BEV,nan,2017,8,2550,"8510,8310",3600,25000,12430,130.00,磷酸铁锂动力电池,nan,97.67,nan,nan,nan,nan,nan,nan,nan,nan,nan,nan,nan,nan,245/3500/1500,永磁同步电机,79,nan,nan,nan,120,nan,0.160,nan,nan,配置ID： NC226869
66,一汽解放青岛汽车有限公司,解放牌,纯电动厢式运输车,CA5045XXYP40L1BEVA84,nan,2017,8,"2025,2220",5998,"2910,3110",4495,3000,74.50,三元锂离子电池,nan,120.74,nan,nan,nan,nan,nan,nan,nan,nan,nan,nan,nan,nan,100/9500/385,三相永磁同步电机,90,nan,nan,nan,200,nan,0.388,nan,nan,配置ID： NC222477
67,一汽解放青岛汽车有限公司,解放牌,纯电动厢式运输车,CA5046XXYP40L1BEVA83,nan,2017,8,"2060,2250",5998,"2905,3105",4495,3260,89.85,磷酸铁锂蓄电池,nan,118.11,nan,nan,nan,nan,nan,nan,nan,nan,nan,nan,nan,nan,147/4300/750,永磁同步电机,90,nan,nan,nan,315,nan,0.410,nan,nan,配置ID： NC238203
68,一汽解放青岛汽车有限公司,解放牌,纯电动厢式运输车,CA5046XXYP40L1BEVA84,nan,2017,8,"2060,2250",5998,"2905,3105",4495,3250,92.16,磷酸铁锂蓄电池,nan,122.90,nan,nan,nan,nan,nan,nan,nan,nan,nan,nan,nan,nan,120/5000/500,永磁同步电机,90,nan,nan,nan,320,nan,0.420,nan,nan,配置ID： NC238162
69,郑州宇通客车股份有限公司,宇通牌,纯电动铰接城市客车,ZK6180BEVG31,nan,2017,8,2550,18000,3360,28000,"18150,18800,19400",190.77,磷酸铁锂蓄电池,9.00,119.74,nan,nan,nan,nan,nan,nan,nan,nan,nan,nan,nan,nan,350/3000/2800,永磁同步电机,69,nan,nan,nan,203,nan,0.223,nan,nan,配置ID： NC238218
70,郑州宇通客车股份有限公司,宇通牌,纯电动城市客车,ZK6650BEVG15,nan,2017,8,2100,6540,"2770,2980",7600,"4850,5050,5250",52.99,磷酸铁锂蓄电池,10.20,97.57,nan,nan,nan,nan,nan,nan,nan,nan,nan,nan,nan,nan,100/3500/955,永磁同步电机,69,nan,nan,nan,201,nan,0.232,nan,nan,配置ID： NC238187
71,湖北新楚风汽车股份有限公司,楚风牌,纯电动厢式运输车,HQG5041XXYEV,nan,2017,8,"1940, 1940","5880,5990, 5880,5990","2850, 2850","4495, 4495","2805, 2805","72.60, 72.60","锂离子电池, 锂离子电池",nan,"109.60, 109.60",nan,nan,nan,nan,nan,nan,nan,nan,nan,nan,nan,nan,"110/4500/650, 100/3600/1000","永磁同步电机, 永磁同步牵引电动机","85, 85",nan,nan,nan,"198, 198",nan,"0.410, 0.410",nan,nan,"配置ID： NC238176, 配置ID： NC238040"
72,湖北新楚风汽车股份有限公司,楚风牌,纯电动厢式运输车,HQG5042XXYEV10,nan,2017,8,"2110, 2110","5880,5990,5940, 5880,5990,5940","2830,2930, 2830,2930","4495, 4495","2850, 2850","46.00, 46.00","磷酸铁锂电池, 磷酸铁锂电池",nan,"95.50, 95.50",nan,nan,nan,nan,nan,nan,nan,nan,nan,nan,nan,nan,"85/3600/800, 100/3700/750","永磁同步驱动电机, 永磁同步电机","85, 85",nan,nan,nan,"148, 148",nan,"0.353, 0.353",nan,nan,"配置ID： NC238504, 配置ID： NC238501"
73,湖北三环专用汽车有限公司,十通牌,纯电动厢式运输车,STQ5031XXYNBEV2,nan,2017,8,1735,4498,1940,2995,1820,46.06,三元锂离子电池,nan,115.17,nan,nan,nan,nan,nan,nan,nan,nan,nan,nan,nan,nan,70/8500/290,永磁同步电机,80,nan,nan,200,nan,nan,0.373,nan,nan,配置ID： NC238864
74,比亚迪汽车工业有限公司,比亚迪牌,纯电动冷藏车,BYD5030XLCBEV,nan,2017,8,1720,4460,1985,2850,2050,48.00,磷酸铁锂蓄电池,nan,105.60,nan,nan,nan,nan,nan,nan,nan,nan,nan,nan,nan,nan,160/4929/310,永磁同步电机,130,nan,nan,250,nan,nan,0.475,nan,nan,配置ID： NC230276
75,比亚迪汽车工业有限公司,比亚迪牌,纯电动厢式运输车,BYD5110XXYBEV,nan,2017,8,"2250,2300","7450,7725",3300,10695,"5885,6155,6485",145.00,磷酸铁锂蓄电池,nan,113.09,nan,nan,nan,nan,nan,nan,nan,nan,nan,nan,nan,nan,150/10000/550,永磁同步电机,100,nan,nan,nan,300,nan,0.182,nan,nan,配置ID： NC225245
76,比亚迪汽车工业有限公司,比亚迪牌,纯电动洒水车,BYD5160GSSBEV,nan,2017,8,2500,8290,3000,16000,10680,175.00,磷酸铁锂蓄电池,nan,105.75,nan,nan,nan,nan,nan,nan,nan,nan,nan,nan,nan,nan,180/5000/1500,永磁同步电动机,85,nan,nan,nan,300,nan,nan,nan,4.36,配置ID： NC230130
77,比亚迪汽车工业有限公司,比亚迪牌,纯电动洗扫车,BYD5160TXSBEV,nan,2017,8,2500,8265,3260,16000,14750,297.00,磷酸铁锂蓄电池,nan,107.10,nan,nan,nan,nan,nan,nan,nan,nan,nan,nan,nan,nan,180/5000/1500,永磁同步电动机,85,nan,nan,nan,460,nan,nan,nan,4.07,配置ID： NC230219
78,比亚迪汽车工业有限公司,比亚迪牌,纯电动压缩式垃圾车,BYD5160ZYSBEV,nan,2017,8,2500,8870,3200,16000,13000,175.00,磷酸铁锂蓄电池,nan,105.75,nan,nan,nan,nan,nan,nan,nan,nan,nan,nan,nan,nan,180/5000/1500,永磁同步电动机,85,nan,nan,nan,280,nan,0.415,nan,nan,配置ID： NC230054
79,比亚迪汽车工业有限公司,比亚迪牌,纯电动城市客车,BYD6810HZEV3,nan,2017,8,2420,8090,3490,11650,8000,138.20,磷酸铁锂蓄电池,16.60,98.05,nan,nan,nan,nan,nan,nan,nan,nan,nan,nan,nan,nan,180/5000/1500,永磁同步电机,69,nan,nan,nan,330,nan,0.231,nan,nan,配置ID： NC234004
80,湖南江南汽车制造有限公司,江南牌,纯电动轿车,JNJ7000EVA11,nan,2017,8,1405,3300,1480,1040,710,nan,三元材料锂离子电池,nan,134.68,nan,10.10,nan,nan,nan,nan,nan,nan,nan,nan,nan,nan,24/5000/80,永磁同步电动机,100,nan,nan,150,nan,nan,nan,100,nan,配置ID： NC238761
81,湖南江南汽车制造有限公司,众泰牌,纯电动轿车,JNJ7000EVB,nan,2017,8,1830,4405,"1640,1665",1973,1598,nan,镍钴锰酸锂三元蓄电池,nan,127.30,nan,17.60,nan,nan,nan,nan,nan,nan,nan,nan,nan,nan,95/9000/260,永磁同步电机,140,nan,nan,250,nan,nan,nan,140,nan,配置ID： NC238279
82,深圳东风汽车有限公司,东风牌,纯电动车厢可卸式垃圾车,EQ5030ZXXBEVS,nan,2017,8,1665,"4420,4970",2070,2850,1905,48.60,镍钴锰三元锂蓄电池,nan,118.24,nan,nan,nan,nan,nan,nan,nan,nan,nan,nan,nan,nan,45/6000/170,永磁同步电机,80,nan,nan,260,nan,nan,0.430,nan,nan,配置ID： NC239506
83,深圳东风汽车有限公司,东风牌,纯电动桶装垃圾运输车,EQ5033CTYBEVS,nan,2017,8,1830,5940,"2070,2100",2850,1850,48.60,镍钴锰三元锂蓄电池,nan,117.96,nan,nan,nan,nan,nan,nan,nan,nan,nan,nan,nan,nan,45/6000/170,永磁同步电机,80,nan,nan,260,nan,nan,0.430,nan,nan,配置ID： NC237842
84,广州广汽比亚迪新能源客车有限公司,广汽牌,纯电动城市客车,GZ6800LZEV,nan,2017,8,2420,8060,3270,12800,9000,162.00,磷酸铁锂电池,19.93,92.60,nan,nan,nan,nan,nan,nan,nan,nan,nan,nan,nan,nan,90/7500/400,永磁同步电机,69,nan,nan,nan,360,nan,0.231,nan,nan,配置ID： NC225138
85,重庆力帆乘用车有限公司,力帆牌,纯电动轿车,LF7002CEV260,nan,2017,8,1705,"4550,4610",1495,1755,1380,nan,三元聚合物锂电池,nan,108.15,nan,14.62,nan,nan,nan,nan,nan,nan,nan,nan,nan,nan,60/7000/213,交流永磁同步电动机,120,nan,nan,252,nan,nan,nan,120,nan,配置ID： NC216041
86,重庆力帆乘用车有限公司,力帆牌,纯电动轿车,LF7002EEV400,nan,2017,8,1715,4625,1525,1925,1550,nan,三元锂离子电池,nan,143.00,nan,15.50,nan,nan,nan,nan,nan,nan,nan,nan,nan,nan,110/10000/300,永磁同步电机,140,nan,nan,400,nan,nan,nan,120,nan,配置ID： NC239903
87,中植一客成都汽车有限公司,中植汽车牌,纯电动客车,CDL6100LRBEV,nan,2017,8,2500,10430,3300,14000,9100,139.27,磷酸铁锂电池,13.20,116.20,nan,nan,nan,nan,nan,nan,nan,nan,nan,nan,nan,nan,120/5000/750,三相交流同步电机,100,nan,nan,nan,280,nan,0.198,nan,nan,配置ID： NC238805
88,中植一客成都汽车有限公司,中植汽车牌,纯电动客车,CDL6110LRBEV3,nan,2017,8,2500,10990,3300,15000,9700,141.30,磷酸铁锂电池,12.10,"127.60,123.60",nan,nan,nan,nan,nan,nan,nan,nan,nan,nan,nan,nan,160/3200/1000,三相交流同步电机,100,nan,nan,nan,280,nan,0.182,nan,nan,配置ID： NC231058
89,成都大运汽车集团有限公司,大运牌,纯电动厢式运输车,CGC5044XXYBEV1SBBJEAGK,nan,2017,8,"2050,2150,2250",5995,"2870,2970,3070",4490,2920,65.66,三元材料锂离子电池,nan,111.94,nan,nan,nan,nan,nan,nan,nan,nan,nan,nan,nan,nan,100/3700/750,永磁同步电机,80,nan,nan,nan,260,nan,0.278,nan,nan,配置ID： NC230554
90,成都大运汽车集团有限公司,大运牌,纯电动厢式运输车,CGC5045XXYBEV1Z2,nan,2017,8,"2050,2150,2250",5995,"2870,2970,3070",4490,3015,82.43,磷酸铁锂蓄电池,nan,110.90,nan,nan,nan,nan,nan,nan,nan,nan,nan,nan,nan,nan,100/3700/750,永磁同步电机,80,nan,nan,nan,295,nan,0.297,nan,nan,配置ID： NC238492
91,成都大运汽车集团有限公司,大运牌,纯电动厢式运输车,CGC5045XXYBEV1Z3,nan,2017,8,"2050,2150,2250",5995,"2870,2970,3070",4490,3045,76.03,锂离子蓄电池,nan,108.13,nan,nan,nan,nan,nan,nan,nan,nan,nan,nan,nan,nan,100/3700/750,永磁同步电机,80,nan,nan,nan,275,nan,0.304,nan,nan,配置ID： NC238490
92,成都大运汽车集团有限公司,大运牌,纯电动城市客车,CGC6101BEV1K2,nan,2017,8,2400,10100,"3020,3190",14000,8800,139.97,磷酸铁锂蓄电池,13.90,117.52,nan,nan,nan,nan,nan,nan,nan,nan,nan,nan,nan,nan,140/2080/2100,永磁同步电机,69,nan,nan,nan,285,nan,0.163,nan,nan,配置ID： NC238494
93,成都大运汽车集团有限公司,大运牌,纯电动城市客车,CGC6851BEV1K1,nan,2017,8,2400,8540,"3050,3210",12500,7800,111.36,磷酸铁锂蓄电池,14.40,97.57,nan,nan,nan,nan,nan,nan,nan,nan,nan,nan,nan,nan,140/2080/2100,永磁同步电机,69,nan,nan,nan,255,nan,0.152,nan,nan,配置ID： NC238495
94,东风云南汽车有限公司,东风牌,纯电动厢式运输车,EQ5023XXYPBEVB,nan,2017,8,1620,4010,1915,1960,1320,41.55,镍钴锰三元锂锂离子动力电池,nan,128.04,nan,nan,nan,nan,nan,nan,nan,nan,nan,nan,nan,nan,45/9000/180,永磁同步电机,85,nan,nan,235,nan,nan,0.488,nan,nan,配置ID： NC186431
95,东风云南汽车有限公司,东风牌,纯电动车厢可卸式垃圾车,EQ5030ZXXPBEV,nan,2017,8,1620,4260,1880,2610,1630,30.50,三元锂离子动力蓄电池（镍钴锰）,nan,110.70,nan,nan,nan,nan,nan,nan,nan,nan,nan,nan,nan,nan,60/4000/400,永磁同步电动机,80,nan,nan,160,nan,nan,0.355,nan,nan,配置ID： NC240738
96,陕西通家汽车股份有限公司,通家福牌,纯电动厢式运输车,STJ5022XXYEV6,nan,2017,8,1620,4030,1900,2050,1355,38.37,三元锂离子蓄电池,nan,120.62,nan,nan,nan,nan,nan,nan,nan,nan,nan,nan,nan,nan,60/9000/225,永磁同步电机,100,nan,nan,255,nan,nan,0.425,nan,nan,配置ID： NC222508
97,陕西通家汽车股份有限公司,通家福牌,纯电动厢式运输车,STJ5024XXYEV5,nan,2017,8,1620,4030,1900,2050,1300,35.15,三元锂离子蓄电池,nan,112.35,nan,nan,nan,nan,nan,nan,nan,nan,nan,nan,nan,nan,45/6800/160,交流异步电机,88,nan,nan,247,nan,nan,0.380,nan,nan,配置ID： NC238710
98,陕西通家汽车股份有限公司,通家福牌,纯电动厢式运输车,STJ5024XXYEV8,nan,2017,8,1620,4030,1900,2050,1285,40.40,三元锂离子蓄电池,nan,120.78,nan,nan,nan,nan,nan,nan,nan,nan,nan,nan,nan,nan,45/6800/180,永磁同步电机,88,nan,nan,242,nan,nan,0.440,nan,nan,配置ID： NC238750
99,陕西通家汽车股份有限公司,通家福牌,纯电动多用途乘用车,STJ6460EV,nan,2017,8,1845,4615,1655,2330,1880,nan,三元软包锂离子动力电池,nan,127.65,nan,18.40,nan,nan,nan,nan,nan,nan,nan,nan,nan,nan,120/12000/250,永磁同步电机,150,nan,nan,285,nan,nan,nan,135,nan,配置ID： NC222452
100,陕西汽车集团有限责任公司,陕汽牌,纯电动厢式运输车,SX5040XXYBEV331H,nan,2017,8,"2100,2150,2200",5995,"2850,2880,2980,3080",4495,3360,71.37,磷酸铁锂离子电池,nan,95.03,nan,nan,nan,nan,nan,nan,nan,nan,nan,nan,nan,nan,85/6000/280,永磁同步电机,85,nan,nan,nan,300,nan,0.322,nan,nan,配置ID： NC236270
101,陕西汽车集团有限责任公司,陕汽牌,纯电动厢式运输车,SX5040XXYBEV331S,nan,2017,8,"2100,2150,2200",5995,"2850,2880,2980,3080",4495,3350,63.07,三元材料锂离子电池,nan,117.09,nan,nan,nan,nan,nan,nan,nan,nan,nan,nan,nan,nan,85/6000/280,永磁同步电机,85,nan,nan,nan,265,nan,0.408,nan,nan,配置ID： NC240376
102,陕西汽车集团有限责任公司,陕汽牌,纯电动厢式运输车,SX5042XXYBEV331L,nan,2017,8,"2100,2150,2200",5995,"2850,2880,2980,3080",4495,3400,77.79,三元材料锂离子电池,nan,112.11,nan,nan,nan,nan,nan,nan,nan,nan,nan,nan,nan,nan,85/6000/280,永磁同步电机,85,nan,nan,nan,330,nan,0.328,nan,nan,配置ID： NC240345
103,陕西汽车集团有限责任公司,陕汽牌,纯电动车厢可卸式垃圾车,SX5043ZXXBEV331L,nan,2017,8,"2060,2100","5600,5100",2270,4495,3420,58.34,三元材料锂离子电池,nan,108.71,nan,nan,nan,nan,nan,nan,nan,nan,nan,nan,nan,nan,85/6000/280,永磁同步电机,85,nan,nan,nan,225,nan,0.401,nan,nan,配置ID： NC240426
104,陕西汽车集团有限责任公司,陕汽牌,纯电动洒水车,SX5070GSSBEV331L,nan,2017,8,"2060,2130","5960,5995,6340","2370,2500",7300,4250,77.79,三元材料锂离子电池,nan,112.11,nan,nan,nan,nan,nan,nan,nan,nan,nan,nan,nan,nan,100/5500/460,永磁同步电机,85,nan,nan,nan,240,nan,nan,nan,4.99,配置ID： NC240452
105,陕西汽车集团有限责任公司,陕汽牌,纯电动冷藏车,SX5070XLCBEV331L,nan,2017,8,"2100,2180,2200,2280","5995,6060,6110,6210,6290","3190,3290,3370",7300,4560,77.79,三元材料锂离子电池,nan,112.11,nan,nan,nan,nan,nan,nan,nan,nan,nan,nan,nan,nan,100/5500/460,永磁同步电机,85,nan,nan,nan,230,nan,0.217,nan,nan,配置ID： NC240523
106,金龙联合汽车工业(苏州)有限公司,海格牌,纯电动客车,KLQ6109EV0N,nan,2017,8,2500,10490,"3590,3690",17000,"12600,13000,12000",180.00,磷酸铁锂电池,16.70,100.99,nan,nan,nan,nan,nan,nan,nan,nan,nan,nan,nan,nan,200/2950/2600,永磁同步电机,90,nan,nan,nan,337,nan,0.229,nan,nan,配置ID： NC239083
107,金龙联合汽车工业(苏州)有限公司,海格牌,纯电动城市客车,KLQ6109GAEVT,nan,2017,8,2550,10490,"3080,3180,3250",17000,"11850,12050,12250",258.05,磷酸铁锂电池,18.90,126.20,nan,nan,nan,nan,nan,nan,nan,nan,nan,nan,nan,nan,200/2700/2500,永磁同步电机,69,nan,nan,nan,402,nan,0.237,nan,nan,配置ID： NC240519
108,金龙联合汽车工业(苏州)有限公司,海格牌,纯电动城市客车,KLQ6850GEVN2,nan,2017,8,2440,8540,"3080,3180,3250",13000,"9150,9300,9500",182.47,磷酸铁锂电池,16.00,131.11,nan,nan,nan,nan,nan,nan,nan,nan,nan,nan,nan,nan,135/2850/2150,永磁同步电机,69,nan,nan,nan,380,nan,0.226,nan,nan,配置ID： NC240572
109,金龙联合汽车工业(苏州)有限公司,海格牌,纯电动城市客车,KLQ6850GEVT,nan,2017,8,2440,8540,"3080,3180,3250",13000,"8700,8950,9150",129.02,磷酸铁锂电池,12.60,121.30,nan,nan,nan,nan,nan,nan,nan,nan,nan,nan,nan,nan,135/2850/2150,永磁同步电机,69,nan,nan,nan,255,nan,0.227,nan,nan,配置ID： NC240550
110,奇瑞汽车股份有限公司,奇瑞牌,纯电动轿车,SQR7000BEVJ723,nan,2017,8,1670,3200,"1550,1590","1030,1200","880,900",nan,三元锂离子电池,nan,105.42,nan,"12.6,12.7",nan,nan,nan,nan,nan,nan,nan,nan,nan,nan,30/2387/120,永磁同步电机,100,nan,nan,151,nan,nan,nan,100,nan,配置ID： NC232646
111,江铃控股有限公司,江铃牌,纯电动轿车,JX70022BEV,nan,2017,8,1570,"3580,3650",1485,1220,920,nan,三元锂离子电池,nan,135.00,nan,11.40,nan,nan,nan,nan,nan,nan,nan,nan,nan,nan,30/7000/150,永磁同步,100,nan,nan,152,nan,nan,nan,100,nan,配置ID： NC239626
112,江铃控股有限公司,江铃牌,纯电动轿车,JX70023BEV,nan,2017,8,1570,"3580,3650",1485,1220,920,nan,三元锂离子电池,nan,131.92,nan,11.10,nan,nan,nan,nan,nan,nan,nan,nan,nan,nan,30/7000/150,永磁同步,100,nan,nan,152,nan,nan,nan,100,nan,配置ID： NC239647
113,上海汽车集团股份有限公司,名爵牌,插电式混合动力轿车,CSA7102SDPHEV,nan,2017,8,1848,4695,1458,1889,1465,nan,三元锂离子电池,nan,nan,nan,nan,是,10E4E,上海汽车集团股份有限公司,999/92,4.39,nan,nan,nan,nan,汽油/电混合动力,59/7000/318,永磁同步电机,200,53.0,nan,nan,nan,45.10,nan,nan,nan,配置ID： NC240009
114,厦门金龙联合汽车工业有限公司,金龙牌,纯电动城市客车,XMQ6106AGBEVL12,nan,2017,8,2500,10500,"3070,3120,3230,3270",17500,"10800,11150,11450",140.54,磷酸铁锂蓄电池,10.10,130.17,nan,nan,nan,nan,nan,nan,nan,nan,nan,nan,nan,nan,200/2500/2500,永磁同步电机,69,nan,nan,nan,225,nan,0.183,nan,nan,配置ID： NC238332
115,厦门金龙旅行车有限公司,金旅牌,纯电动客车,XML6809JEVM0,nan,2017,8,2280,8050,"2860,2980",9600,6350,94.30,磷酸铁锂电池,12.70,117.81,nan,nan,nan,nan,nan,nan,nan,nan,nan,nan,nan,nan,120/5500/460,永磁同步电机,100,nan,nan,nan,201,nan,0.228,nan,nan,配置ID： NC240443
116,厦门金龙旅行车有限公司,金旅牌,纯电动城市客车,XML6855JEVD0C1,nan,2017,8,2460,8490,"3050,3165",14200,"9330,9900",216.26,磷酸铁锂电池,18.30,134.77,nan,nan,nan,nan,nan,nan,nan,nan,nan,nan,nan,nan,150/3000/2000,永磁同步电机,69,nan,nan,nan,368,nan,0.232,nan,nan,配置ID： NC240544
117,厦门金龙旅行车有限公司,金旅牌,纯电动城市客车,XML6935JEV10C,nan,2017,8,2500,9340,"3300,3150",16500,"11750,11070",248.80,磷酸铁锂电池,17.40,130.17,nan,nan,nan,nan,nan,nan,nan,nan,nan,nan,nan,nan,150/3000/2000,永磁同步电机,69,nan,nan,nan,362,nan,0.231,nan,nan,配置ID： NC240172
118,中通客车控股股份有限公司,中通牌,纯电动城市客车,LCK6108EVG16,nan,2017,8,2500,10480,"3280,3120",17600,12000,299.05,磷酸铁锂蓄电池,19.90,131.11,nan,nan,nan,nan,nan,nan,nan,nan,nan,nan,nan,nan,196/2600/2800,永磁同步电机,69,nan,nan,nan,475,nan,0.204,nan,nan,配置ID： NC238183
119,中通客车控股股份有限公司,中通牌,纯电动城市客车,LCK6108EVG17,nan,2017,8,2500,10480,"3280,3120",17100,"10900,11500",258.05,磷酸铁锂蓄电池,18.90,128.03,nan,nan,nan,nan,nan,nan,nan,nan,nan,nan,nan,nan,196/2600/2800,永磁同步电机,69,nan,nan,nan,440,nan,0.187,nan,nan,配置ID： NC238224
120,中通客车控股股份有限公司,中通牌,纯电动城市客车,LCK6108EVGF,nan,2017,8,2500,10480,"3280,3120",16300,"10200,10800",172.80,磷酸铁锂蓄电池,13.10,126.60,nan,nan,nan,nan,nan,nan,nan,nan,nan,nan,nan,nan,196/2600/2800,永磁同步电机,69,nan,nan,nan,280,nan,0.204,nan,nan,配置ID： NC240770
121,中通客车控股股份有限公司,中通牌,纯电动城市客车,LCK6108EVGL,nan,2017,8,2500,10480,"3280,3120",16000,"9900,10400",145.15,磷酸铁锂电池,"11.70,11.10","133.30,129.10,125.70",nan,nan,nan,nan,nan,nan,nan,nan,nan,nan,nan,nan,196/2600/2800,永磁同步电机,69,nan,nan,nan,225,nan,0.205,nan,nan,配置ID： NC240742
122,中通客车控股股份有限公司,中通牌,纯电动城市客车,LCK6108EVGL1,nan,2017,8,2500,10480,"3280,3120",17100,"10900,11500",262.65,磷酸铁锂电池,19.80,126.51,nan,nan,nan,nan,nan,nan,nan,nan,nan,nan,nan,nan,196/2600/2800,永磁同步电机,69,nan,nan,nan,440,nan,0.191,nan,nan,配置ID： NC238236
123,中通客车控股股份有限公司,中通牌,纯电动城市客车,LCK6108EVGM3,nan,2017,8,2500,10480,"3280,3120",17100,"10900,11500",248.83,磷酸铁锂电池,"19.30,18.30",117.54,nan,nan,nan,nan,nan,nan,nan,nan,nan,nan,nan,nan,196/2600/2800,永磁同步电机,69,nan,nan,nan,400,nan,0.199,nan,nan,配置ID： NC240681
124,中通客车控股股份有限公司,中通牌,纯电动城市客车,LCK6122EVG10,nan,2017,8,2550,11990,"3280,3150",18000,13000,315.10,磷酸铁锂蓄电池,19.80,126.19,nan,nan,nan,nan,nan,nan,nan,nan,nan,nan,nan,nan,196/2600/2800,永磁同步电机,69,nan,nan,nan,520,nan,0.222,nan,nan,配置ID： NC238839
125,中通客车控股股份有限公司,中通牌,纯电动城市客车,LCK6122EVG12,nan,2017,8,2550,11990,"3280,3150",18000,12500,290.30,磷酸铁锂电池,19.70,119.30,nan,nan,nan,nan,nan,nan,nan,nan,nan,nan,nan,nan,196/2600/2800,永磁同步电机,69,nan,nan,nan,475,nan,0.201,nan,nan,配置ID： NC239293
126,中通客车控股股份有限公司,中通牌,纯电动城市客车,LCK6122EVG8,nan,2017,8,2550,11990,"3280,3150",18000,12900,324.40,磷酸铁锂蓄电池,19.90,134.77,nan,nan,nan,nan,nan,nan,nan,nan,nan,nan,nan,nan,196/2600/2800,永磁同步电机,69,nan,nan,nan,530,nan,0.209,nan,nan,配置ID： NC238278
127,中通客车控股股份有限公司,中通牌,插电式混合动力城市客车,LCK6127PHEVCNG2,nan,2017,8,2550,11990,"3180,3280,3480",17900,"11550,12100,12600",51.15,锰酸锂电池,6.10,nan,nan,nan,是,WP7NG240E50,潍柴西港新能源动力有限公司,7140/177,nan,nan,nan,nan,nan,NG/电混合动力,135/3500/1000,永磁同步电机,69,nan,85,nan,nan,nan,nan,nan,nan,配置ID： NC240747
128,中通客车控股股份有限公司,中通牌,插电式混合动力城市客车,LCK6127PHEVCNG3,nan,2017,8,2550,11990,"3180,3280,3480",17900,"11550,12100,12600",50.60,锰酸锂电池,7.00,nan,nan,nan,是,YC6J225N-52,广西玉柴机器股份有限公司,6494/166,nan,nan,nan,nan,nan,NG/电混合动力,135/3500/1000,永磁同步电机,69,nan,83,nan,nan,nan,nan,nan,nan,配置ID： NC238310
129,中通客车控股股份有限公司,中通牌,纯电动城市客车,LCK6809EVGD,nan,2017,8,2390,8010,"3090,2950",11200,"7150,6850,6500",92.93,磷酸铁锂电池,11.80,117.70,nan,nan,nan,nan,nan,nan,nan,nan,nan,nan,nan,nan,135/3000/2000,永磁同步电动机,69,nan,nan,nan,205,nan,0.199,nan,nan,配置ID： NC238360
130,中通客车控股股份有限公司,中通牌,插电式混合动力城市客车,LCK6820PHEV5QG,nan,2017,8,"2380, 2380","8245, 8245","3220,3060,3380, 3220,3060,3380","12200, 12200","7400,7850,8300, 7400,7850,8300","18.65, 18.65","锰酸锂电池, 锰酸锂电池","3.80,3.60,3.40, 3.80,3.60,3.40",nan,nan,nan,"是, 是","WP4.1Q165E50, YC4S150-50","潍柴动力扬州柴油机有限责任公司, 广西玉柴机器股份有限公司","4088/120, 3767/110",nan,"10.00, 10.10",nan,nan,nan,"柴油/电混合动力, 柴油/电混合动力","50/3000/450, 50/3000/450","永磁同步电机, 永磁同步电机","69, 69",nan,"53, 53",nan,nan,"61.50, 61.20",nan,nan,nan,"配置ID： NC224565, 配置ID： NC224527"
131,海马汽车有限公司,海马牌,纯电动轿车,HMA7004S30BEV,nan,2017,8,1737,4545,1495,1765,1390,nan,三元材料锂离子蓄电池(镍钴锰),nan,93.12,nan,16.59,nan,nan,nan,nan,nan,nan,nan,nan,nan,nan,62/9500/220,永磁同步电机,130,nan,nan,155,nan,nan,nan,120,nan,配置ID： NC237535
132,上海申龙客车有限公司,申龙牌,纯电动邮政车,SLK5032XYZBEV1,nan,2017,8,1626,4430,1930,2550,1515,46.33,镍钴锰酸锂电池,nan,125.24,nan,nan,nan,nan,nan,nan,nan,nan,nan,nan,nan,nan,80/6000/360,永磁同步电机,90,nan,nan,255,nan,nan,0.329,nan,nan,配置ID： NC239307
133,上海申龙客车有限公司,申龙牌,纯电动客车,SLK6108AEBEVD3,nan,2017,8,2500,10495,"3395,3295",16400,11300,162.60,磷酸铁锂动力电池,14.70,"98.41,98.23",nan,nan,nan,nan,nan,nan,nan,nan,nan,nan,nan,nan,200/3300/3000,三相永磁同步电机,100,nan,nan,nan,255,nan,0.198,nan,nan,配置ID： NC240924
134,上海申龙客车有限公司,申龙牌,纯电动城市客车,SLK6109UEBEVJ,nan,2017,8,2500,10500,"3200,3060",16500,"10400,10900",66.20,钛酸锂电池(方形铝壳),"11.50,11.00",nan,5.21C,nan,nan,nan,nan,nan,nan,nan,nan,nan,nan,nan,200/3000/2800,永磁磁阻同步电机,69,nan,nan,nan,nan,nan,0.221,nan,nan,配置ID： NC231463
135,上海申龙客车有限公司,申龙牌,纯电动客车,SLK6118AEBEVD3,nan,2017,8,2500,10995,"3395,3295",16400,12000,172.80,磷酸铁锂蓄电池,14.30,95.27,nan,nan,nan,nan,nan,nan,nan,nan,nan,nan,nan,nan,200/3300/3000,三相永磁同步电机,100,nan,nan,nan,280,nan,0.219,nan,nan,配置ID： NC238618
136,深圳市五洲龙汽车股份有限公司,五洲龙牌,纯电动厢式运输车,FDG5040XXYEV1,nan,2017,8,2040,5990,2740,4495,2690,55.99,磷酸铁锂,nan,nan,nan,nan,nan,nan,nan,nan,nan,nan,nan,nan,nan,nan,120/4800/850,永磁同步,100,nan,nan,nan,210,nan,0.237,nan,nan,配置ID： NC238966
137,深圳市五洲龙汽车股份有限公司,五洲龙牌,纯电动客车,FDG6116EV,nan,2017,8,2500,10900,3680,17000,12500,141.52,磷酸铁锂电池,9.70,"119.64,116.71",nan,nan,nan,nan,nan,nan,nan,nan,nan,nan,nan,nan,185/3500/1300,永磁同步,100,nan,nan,nan,205,nan,0.239,nan,nan,配置ID： NC238391
138,深圳市五洲龙汽车股份有限公司,五洲龙牌,纯电动城市客车,FDG6853EVG2,nan,2017,8,2440,8540,3100,13500,8800,94.66,磷酸铁锂,8.98,127.92,nan,nan,nan,nan,nan,nan,nan,nan,nan,nan,nan,nan,160/3000/2100,永磁同步电机,69,nan,nan,nan,210,nan,0.179,nan,nan,配置ID： NC238840
139,河北御捷车业有限公司,御捷马牌,纯电动轿车,YGM7003BEV,nan,2017,8,1500,3500,1550,1240,940,nan,锂离子动力蓄电池,nan,122.42,nan,13.38,nan,nan,nan,nan,nan,nan,nan,nan,nan,nan,30/7000/160,永磁同步,105,nan,nan,151,nan,nan,nan,100,nan,配置ID： NC238112
140,南京金龙客车制造有限公司,开沃牌,纯电动厢式运输车,NJL5021XXYBEV24,nan,2017,8,1626,4430,1930,2390,1475,38.70,磷酸铁锂锂离子动力蓄电池,nan,110.40,nan,nan,nan,nan,nan,nan,nan,nan,nan,nan,nan,nan,60/9000/200,永磁同步电机,90,nan,nan,238,nan,nan,0.332,nan,nan,配置ID： NC238320
141,南京金龙客车制造有限公司,开沃牌,纯电动厢式运输车,NJL5021XXYBEV26,nan,2017,8,1626,4430,1930,2390,1475,37.17,三元锂锂离子动力蓄电池,nan,133.01,nan,nan,nan,nan,nan,nan,nan,nan,nan,nan,nan,nan,60/9000/200,永磁同步电机,90,nan,nan,228,nan,nan,0.326,nan,nan,配置ID： NC238425
142,南京金龙客车制造有限公司,开沃牌,纯电动厢式运输车,NJL5021XXYBEV27,nan,2017,8,1626,4430,1930,2390,1475,36.86,磷酸铁锂锂离子动力蓄电池,nan,114.12,nan,nan,nan,nan,nan,nan,nan,nan,nan,nan,nan,nan,60/9000/200,永磁同步电机,90,nan,nan,227,nan,nan,0.319,nan,nan,配置ID： NC238720
143,南京金龙客车制造有限公司,开沃牌,纯电动邮政车,NJL5021XYZBEV5,nan,2017,8,1626,4430,1930,2390,1475,38.70,磷酸铁锂锂离子动力蓄电池,nan,110.40,nan,nan,nan,nan,nan,nan,nan,nan,nan,nan,nan,nan,60/9000/200,永磁同步电机,90,nan,nan,238,nan,nan,0.332,nan,nan,配置ID： NC238387
144,南京金龙客车制造有限公司,开沃牌,纯电动厢式运输车,NJL5032XXYBEV12,nan,2017,8,1700,5200,"2240,1980",3250,1850,46.08,磷酸铁锂锂离子动力蓄电池,nan,100.13,nan,nan,nan,nan,nan,nan,nan,nan,nan,nan,nan,nan,90/6000/500,永磁同步电机,100,nan,nan,190,nan,nan,0.293,nan,nan,配置ID： NC238857
145,南京金龙客车制造有限公司,开沃牌,纯电动厢式运输车,NJL5040XXYBEV24,nan,2017,8,2020,5960,"2650,2360",4490,2910,78.33,磷酸铁锂锂离子动力蓄电池,nan,103.60,nan,nan,nan,nan,nan,nan,nan,nan,nan,nan,nan,nan,112/4300/750,永磁同步电机,100,nan,nan,nan,298,nan,0.318,nan,nan,配置ID： NC238093
146,南京金龙客车制造有限公司,开沃牌,纯电动厢式运输车,NJL5040XXYBEV25,nan,2017,8,2020,5960,"2650,2360",4490,2910,91.60,三元锂锂离子动力蓄电池,nan,133.63,nan,nan,nan,nan,nan,nan,nan,nan,nan,nan,nan,nan,145/7000/670,永磁同步电机,100,nan,nan,nan,348,nan,0.318,nan,nan,配置ID： NC238247
147,南京金龙客车制造有限公司,开沃牌,纯电动城市客车,NJL6100BEV19,nan,2017,8,2500,10490,3170,16795,11600,258.00,磷酸铁锂蓄电池,17.10,136.05,nan,nan,nan,nan,nan,nan,nan,nan,nan,nan,nan,nan,200/3000/2800,永磁同步电机,69,nan,nan,nan,450,nan,0.209,nan,nan,配置ID： NC240212
148,南京金龙客车制造有限公司,开沃牌,插电式混合动力城市客车,NJL6129HEV5,nan,2017,8,2550,11980,"3050,3200",17920,"11760,11960",42.71,锰酸锂电池,5.30,nan,nan,nan,是,YC6J220-52,广西玉柴机器股份有限公司,6494/162,nan,14.90,nan,nan,nan,柴油/电混合动力,125/7000/660,永磁同步电机,69,nan,70,nan,nan,60.30,nan,nan,nan,配置ID： NC234170
149,南京金龙客车制造有限公司,开沃牌,插电式混合动力城市客车,NJL6129HEV6,nan,2017,8,2550,11980,"3050,3200",17920,"11760,11960",51.80,磷酸铁锂,4.50,nan,nan,nan,是,YC6J220-52,广西玉柴机器股份有限公司,6494/162,nan,14.89,nan,nan,nan,柴油/电混合动力,125/7000/660,永磁同步电机,69,nan,70,nan,nan,60.30,nan,nan,nan,配置ID： NC240247
150,南京金龙客车制造有限公司,开沃牌,纯电动客车,NJL6806BEV15,nan,2017,8,2160,8010,2860,9000,5900,94.84,磷酸铁锂蓄电池,13.60,115.69,nan,nan,nan,nan,nan,nan,nan,nan,nan,nan,nan,nan,150/3500/1700,永磁同步电机,100,nan,nan,nan,250,nan,0.232,nan,nan,配置ID： NC234009
151,长沙梅花汽车制造有限公司,同心牌,纯电动城市客车,TX6831BEV,nan,2017,8,2400,8260,3150,12000,7420,92.18,磷酸铁锂蓄电池,10.70,118.28,nan,nan,nan,nan,nan,nan,nan,nan,nan,nan,nan,nan,150/3000/2000,永磁同步电机,69,nan,nan,nan,220,nan,0.169,nan,nan,配置ID： NC221401
152,江苏卡威汽车工业集团股份有限公司,卡威牌,纯电动城市客车,JNQ6105GEV4,nan,2017,8,2500,10490,3160,14800,9400,156.67,磷酸铁锂电池,14.50,121.70,nan,nan,nan,nan,nan,nan,nan,nan,nan,nan,nan,nan,150/3000/2500,永磁同步电机,69,nan,nan,nan,270,nan,0.171,nan,nan,配置ID： NC240912
153,汉腾汽车有限公司,汉腾牌,纯电动多用途乘用车,GXQ6450BEVT,nan,2017,8,1820,4501,1648,1995,1620,nan,镍钴锰酸锂三元蓄电池,nan,123.09,nan,16.20,nan,nan,nan,nan,nan,nan,nan,nan,nan,nan,95/9000/260,永磁同步电机,140,nan,nan,252,nan,nan,nan,140,nan,配置ID： NC238860
154,华晨鑫源重庆汽车有限公司,鑫源牌,纯电动货车,JKC1020DABEV,nan,2017,8,1560,4600,1870,1900,1080,30.70,三元材料锂离子电池,nan,110.60,nan,nan,nan,nan,nan,nan,nan,nan,nan,nan,nan,nan,45/6000/170,永磁同步电机,85,nan,nan,190,nan,nan,0.324,nan,nan,配置ID： NC185513
155,华晨鑫源重庆汽车有限公司,鑫源牌,纯电动仓栅式运输车,JKC5020CCY-DABEV,nan,2017,8,1560,4600,2400,1900,1200,30.70,三元材料锂离子电池,nan,110.60,nan,nan,nan,nan,nan,nan,nan,nan,nan,nan,nan,nan,45/6000/170,永磁同步电机,85,nan,nan,190,nan,nan,0.414,nan,nan,配置ID： NC185938
156,华晨鑫源重庆汽车有限公司,鑫源牌,纯电动厢式运输车,JKC5020XXY-DABEV,nan,2017,8,1560,4600,2300,1900,1150,30.70,三元材料锂离子电池,nan,110.60,nan,nan,nan,nan,nan,nan,nan,nan,nan,nan,nan,nan,45/6000/170,永磁同步电机,85,nan,nan,190,nan,nan,0.379,nan,nan,配置ID： NC185840
157,华晨鑫源重庆汽车有限公司,鑫源牌,纯电动多用途乘用车,JKC6450AXBEV,nan,2017,8,1680,4495,1990,2100,1570,nan,三元锂离子动力蓄电池,nan,105.60,nan,16.80,nan,nan,nan,nan,nan,nan,nan,nan,nan,nan,75/14000/165,永磁同步电机,110,nan,nan,190,nan,nan,nan,100,nan,配置ID： NC234441
158,湖南中车时代电动汽车股份有限公司,中国中车牌,纯电动城市客车,TEG6106BEV23,nan,2017,8,2490,10490,"3280,3150",16000,"10700,10400,10100",141.31,磷酸铁锂电池,"10.20,10.50,10.80","127.60,123.60",nan,nan,nan,nan,nan,nan,nan,nan,nan,nan,nan,nan,150/3000/2500,永磁同步电机,69,nan,nan,nan,255,nan,0.194,nan,nan,配置ID： NC239060
159,湖南中车时代电动汽车股份有限公司,中国中车牌,纯电动城市客车,TEG6801BEV02,nan,2017,8,2400,8040,"3000,3150",11000,"7350,7650",94.35,磷酸铁锂蓄电池,"10.90,10.50","117.81,118.21",nan,nan,nan,nan,nan,nan,nan,nan,nan,nan,nan,nan,135/3000/2000,永磁同步电机,69,nan,nan,nan,210,nan,0.227,nan,nan,配置ID： NC239218
160,北京华林特装车有限公司,华林牌,纯电动餐车,HLT5030XCCEV,nan,2017,8,1780,4940,"2930,2565",3495,2800,48.75,磷酸铁锂蓄电池,nan,99.53,nan,nan,nan,nan,nan,nan,nan,nan,nan,nan,nan,nan,160/12000/310,永磁同步电机,100,nan,nan,200,nan,nan,nan,nan,7.85,配置ID： NC225479
161,北京华林特装车有限公司,华林牌,纯电动厢式运输车,HLT5030XXYEV,nan,2017,8,1745,4900,2600,3495,2160,48.75,磷酸铁锂蓄电池,nan,99.53,nan,nan,nan,nan,nan,nan,nan,nan,nan,nan,nan,nan,160/12000/310,永磁同步电机,100,nan,nan,200,nan,nan,0.370,nan,nan,配置ID： NC187099
162,北京华林特装车有限公司,华林牌,纯电动自卸式垃圾车,HLT5030ZLJEV,nan,2017,8,1730,4320,1990,3495,2280,48.75,磷酸铁锂蓄电池,nan,99.53,nan,nan,nan,nan,nan,nan,nan,nan,nan,nan,nan,nan,160/12000/310,永磁同步电机,100,nan,nan,200,nan,nan,0.410,nan,nan,配置ID： NC210834
163,北京华林特装车有限公司,华林牌,纯电动车厢可卸式垃圾车,HLT5030ZXXEV,nan,2017,8,1680,4310,1960,3495,1990,48.75,磷酸铁锂蓄电池,nan,99.53,nan,nan,nan,nan,nan,nan,nan,nan,nan,nan,nan,nan,160/12000/310,永磁同步电机,100,nan,nan,200,nan,nan,0.330,nan,nan,配置ID： NC210235
164,北京华林特装车有限公司,华林牌,纯电动冷藏车,HLT5031XLCEV,nan,2017,8,1800,4900,2570,3495,2470,48.75,磷酸铁锂蓄电池,nan,99.53,nan,nan,nan,nan,nan,nan,nan,nan,nan,nan,nan,nan,160/12000/310,永磁同步电机,100,nan,nan,200,nan,nan,0.450,nan,nan,配置ID： NC187340
165,北京华林特装车有限公司,华林牌,纯电动桶装垃圾运输车,HLT5034CTYEV,nan,2017,8,1695,4865,1960,3495,2200,48.75,磷酸铁锂蓄电池,nan,99.50,nan,nan,nan,nan,nan,nan,nan,nan,nan,nan,nan,nan,160/12000/310,永磁同步电机,100,nan,nan,200,nan,nan,0.380,nan,nan,配置ID： NC210268
166,北京华林特装车有限公司,华林牌,纯电动桶装垃圾运输车,HLT5035CTYEV,nan,2017,8,1700,4975,2050,3495,2290,48.75,磷酸铁锂蓄电池,nan,99.53,nan,nan,nan,nan,nan,nan,nan,nan,nan,nan,nan,nan,160/12000/310,永磁同步电机,100,nan,nan,200,nan,nan,0.410,nan,nan,配置ID： NC225519
167,北京华林特装车有限公司,华林牌,纯电动吸粪车,HLT5070GXEEV,nan,2017,8,2100,5995,2665,7320,5310,145.00,磷酸铁锂蓄电池,nan,113.09,nan,nan,nan,nan,nan,nan,nan,nan,nan,nan,nan,nan,150/10000/550,永磁同步电动机,100,nan,nan,nan,350,nan,nan,nan,6.57,配置ID： NC210280
168,北京华林特装车有限公司,华林牌,纯电动餐厨垃圾车,HLT5070TCAEV,nan,2017,8,2095,5850,2450,7320,5740,145.00,磷酸铁锂蓄电池,nan,113.09,nan,nan,nan,nan,nan,nan,nan,nan,nan,nan,nan,nan,150/10000/550,永磁同步电动机,100,nan,nan,nan,350,nan,nan,nan,6.40,配置ID： NC210540
169,北京华林特装车有限公司,华林牌,纯电动厢式运输车,HLT5070XXYEV,nan,2017,8,2080,5995,2960,7320,4790,145.00,磷酸铁锂蓄电池,nan,113.09,nan,nan,nan,nan,nan,nan,nan,nan,nan,nan,nan,nan,150/10000/550,永磁同步电动机,100,nan,nan,nan,350,nan,0.330,nan,nan,配置ID： NC210839
170,北京华林特装车有限公司,华林牌,纯电动自卸式垃圾车,HLT5070ZLJEV,nan,2017,8,2295,5995,2320,7320,5190,145.00,磷酸铁锂蓄电池,nan,113.09,nan,nan,nan,nan,nan,nan,nan,nan,nan,nan,nan,nan,150/10000/550,永磁同步电动机,100,nan,nan,nan,350,nan,0.390,nan,nan,配置ID： NC210570
171,北京华林特装车有限公司,华林牌,纯电动车厢可卸式垃圾车,HLT5160ZXXEV,nan,2017,8,2500,7500,3120,16000,10380,175.00,磷酸铁锂蓄电池,nan,105.75,nan,nan,nan,nan,nan,nan,nan,nan,nan,nan,nan,nan,180/5000/1500,永磁同步电动机,85,nan,nan,nan,300,nan,0.207,nan,nan,配置ID： NC240328
172,北京华林特装车有限公司,华林牌,纯电动压缩式垃圾车,HLT5180ZYSEV,nan,2017,8,2500,7680,3000,18000,10680,175.00,磷酸铁锂蓄电池,nan,103.60,nan,nan,nan,nan,nan,nan,nan,nan,nan,nan,nan,nan,180/5000/1500,永磁同步电动机,85,nan,nan,nan,200,nan,0.190,nan,nan,配置ID： NC188654
173,石家庄中博汽车有限公司,广通客车牌,纯电动城市客车,SQ6105BEVB62,nan,2017,8,2500,10480,"3050,3150,3300",16500,11400,135.78,磷酸铁锂电池,10.20,116.34,nan,nan,nan,nan,nan,nan,nan,nan,nan,nan,nan,nan,200/3000/2800,永磁同步电机,69,nan,nan,nan,251,nan,0.188,nan,nan,配置ID： NC224690
174,石家庄中博汽车有限公司,广通客车牌,纯电动客车,SQ6119BEVP61,nan,2017,8,"2500, 2500","10700, 10700","3210,3460, 3210,3460","16500, 16500","11200,11800, 11200,11800","135.78, 135.78","磷酸铁锂电池, 磷酸铁锂电池","10.40, 10.40","116.34, 116.34",nan,nan,nan,nan,nan,nan,nan,nan,nan,nan,nan,nan,"200/3350/2800, 200/3350/2800","永磁同步电机, 永磁同步电机","100, 100",nan,nan,nan,"251, 251",nan,"0.204, 0.201",nan,nan,"配置ID： NC224743, 配置ID： NC224716"
175,石家庄中博汽车有限公司,广通客车牌,纯电动城市客车,SQ6121BEVBT2,nan,2017,8,2540,12000,"3040,2840",18000,13900,101.50,钛酸锂电池,19.30,nan,3.17C,nan,nan,nan,nan,nan,nan,nan,nan,nan,nan,nan,200/3000/2800,永磁同步电机,69,nan,nan,nan,nan,nan,0.238,nan,nan,配置ID： NC213876
176,石家庄中博汽车有限公司,广通客车牌,纯电动城市客车,SQ6858BEVB82,nan,2017,8,2480,8490,3050,13500,8800,94.35,磷酸铁锂电池,9.30,117.81,nan,nan,nan,nan,nan,nan,nan,nan,nan,nan,nan,nan,150/3000/2000,永磁同步电机,69,nan,nan,nan,203,nan,0.175,nan,nan,配置ID： NC224301
177,山西皇城相府宇航汽车制造有限公司,山西牌,纯电动城市客车,SXK6107GBEV5,nan,2017,8,2500,10490,"3050,3150",16500,11000,193.88,磷酸铁锂蓄电池,17.30,108.00,nan,nan,nan,nan,nan,nan,nan,nan,nan,nan,nan,nan,200 /3100/2080,永磁同步电机,69,nan,nan,nan,250,nan,0.213,nan,nan,配置ID： NC185609
178,山西皇城相府宇航汽车制造有限公司,山西牌,纯电动城市客车,SXK6851GBEV4,nan,2017,8,2400,8540,"3050,2940",12200,8600,121.00,磷酸铁锂蓄电池,13.96,97.40,nan,nan,nan,nan,nan,nan,nan,nan,nan,nan,nan,nan,160/3500/1800,永磁同步电机,69,nan,nan,nan,250,nan,0.206,nan,nan,配置ID： NC186360
179,山西原野汽车制造有限公司,湛龙牌,纯电动厢式运输车,YYC5041XXYBEV3,nan,2017,8,2035,5997,2910,4495,3180,77.40,镍钴锰酸锂电池,nan,120.30,nan,nan,nan,nan,nan,nan,nan,nan,nan,nan,nan,nan,100/5500/460,永磁同步,90,nan,nan,nan,250,nan,0.420,nan,nan,配置ID： NC240214
180,山西原野汽车制造有限公司,湛龙牌,纯电动城市客车,YYC6802GBEV,nan,2017,8,2160,8010,2860,9000,5940,96.70,磷酸铁锂蓄电池,14.00,"121.90,119.90",nan,nan,nan,nan,nan,nan,nan,nan,nan,nan,nan,nan,150/3500/1700,永磁同步电机,69,nan,nan,nan,250,nan,0.238,nan,nan,配置ID： NC234345
181,辽宁乾丰专用车有限公司,易圣达牌,纯电动城市客车,QF6101EVG,nan,2017,8,2550,10490,"3050,3200",16500,"10640,10940",167.00,磷酸铁锂蓄电池,14.90,"110.20,104.70",nan,nan,nan,nan,nan,nan,nan,nan,nan,nan,nan,nan,200/3000/2800,永磁同步电机,69,nan,nan,nan,300,nan,0.140,nan,nan,配置ID： NC234211
182,辽宁乾丰专用车有限公司,易圣达牌,插电式混合动力城市客车,QF6101HEVNG,nan,2017,8,2550,10490,3220,16500,11400,50.00,磷酸铁锂蓄电池,6.70,nan,nan,nan,是,YC6J210N-52,广西玉柴机器股份有限公司,6494/155,nan,nan,nan,nan,nan,LNG/电混合动力,135/3500/1000,交流异步电机,69,nan,77,nan,nan,nan,nan,nan,nan,配置ID： NC235235
183,辽宁乾丰专用车有限公司,易圣达牌,插电式混合动力城市客车,QF6102HEVNG,nan,2017,8,2550,10490,3220,16500,12005,40.32,"磷酸铁锂蓄电池,超级电容器",4.50,nan,nan,nan,是,YC6J210N-52,广西玉柴机器股份有限公司,6494/155,nan,nan,nan,nan,nan,LNG/电混合动力,140/2600/2400,交流异步电机,69,nan,66,nan,nan,nan,nan,nan,nan,配置ID： NC235175
184,辽宁乾丰专用车有限公司,易圣达牌,插电式混合动力城市客车,QF6103HEVNG,nan,2017,8,2550,10490,"3220,3140",16500,"11700,11415",50.30,锰酸锂锂离子电池,4.20,nan,nan,nan,是,YC6J210N-52,广西玉柴机器股份有限公司,6494/155,nan,nan,nan,nan,nan,LNG/电混合动力,140/2600/2400,交流异步电机,69,nan,69,nan,nan,nan,nan,nan,nan,配置ID： NC235269
185,辽宁乾丰专用车有限公司,易圣达牌,插电式混合动力城市客车,QF6113HEVNG,nan,2017,8,2550,11490,"3200,3120",18000,"12915,12620",50.00,磷酸铁锂蓄电池,5.90,nan,nan,nan,是,YC6J210N-52,广西玉柴机器股份有限公司,6494/155,nan,nan,nan,nan,nan,LNG/电混合动力,140/2600/2400,交流异步电机,69,nan,63,nan,nan,nan,nan,nan,nan,配置ID： NC235313
186,辽宁乾丰专用车有限公司,易圣达牌,纯电动城市客车,QF6801EVG,nan,2017,8,2340,8005,"2800,3060",10700,"7240,7440",92.10,磷酸铁锂动力电池,10.70,118.60,nan,nan,nan,nan,nan,nan,nan,nan,nan,nan,nan,nan,150/3500/1700,永磁同步电机,69,nan,nan,nan,220,nan,0.255,nan,nan,配置ID： NC234852
187,长春北车电动汽车有限公司,环菱牌,纯电动城市客车,CCQ6101BEV5,nan,2017,8,2400,10100,"3020,3190",14000,"8550,9000",152.06,磷酸铁锂蓄电池,13.70,136.05,nan,nan,nan,nan,nan,nan,nan,nan,nan,nan,nan,nan,155/3250/1800,永磁同步电机,69,nan,nan,nan,305,nan,0.179,nan,nan,配置ID： NC239021
188,哈尔滨通联客车有限公司,哈尔滨牌,纯电动城市客车,HKC6110BEV,nan,2017,8,2550,10665,3240,17000,"11920,11520",165.89,磷酸铁锂电池,"13.90,14.30",100.30,nan,nan,nan,nan,nan,nan,nan,nan,nan,nan,nan,nan,200/2500/2500,永磁同步电机,69,nan,nan,nan,280,nan,"0.208,0.190",nan,nan,配置ID： NC238015
189,黑龙江龙华汽车有限公司,黑龙江牌,纯电动厢式运输车,HLJ5030XXYBEV,nan,2017,8,1675,4425,2130,2540,1320,30.20,三元锂离子电池,nan,110.60,nan,nan,nan,nan,nan,nan,nan,nan,nan,nan,nan,nan,45/7500/210,永磁同步电动机,80,nan,nan,150,nan,nan,0.262,nan,nan,配置ID： NC198610
190,上海万象汽车制造有限公司,象牌,纯电动城市客车,SXC6111GBEV,nan,2017,8,2500,10800,3150,16100,11100,120.96,锰酸锂蓄电池,9.80,nan,3.18C;3.22C,nan,nan,nan,nan,nan,nan,nan,nan,nan,nan,nan,150/3000/2500,永磁同步电机,69,nan,nan,nan,nan,nan,0.227,nan,nan,配置ID： NC238707
191,南京市公共交通车辆厂,建康牌,纯电动厢式运输车,NJC5030XXYBEV,nan,2017,8,1705,5440,2210,3480,2100,46.33,三元锂离子蓄电池,nan,111.30,nan,nan,nan,nan,nan,nan,nan,nan,nan,nan,nan,nan,90/6000/500,永磁同步电机,100,nan,nan,202,nan,nan,0.336,nan,nan,配置ID： NC234374
192,南京市公共交通车辆厂,建康牌,纯电动城市客车,NJC6680GBEV,nan,2017,8,2250,6680,2880,8550,5650,62.21,锰酸锂,9.49,110.60,nan,nan,nan,nan,nan,nan,nan,nan,nan,nan,nan,nan,150/3500/1200,永磁同步电机,69,nan,nan,nan,200,nan,0.187,nan,nan,配置ID： NC238277
193,南京市公共交通车辆厂,建康牌,纯电动客车,NJC6851YBEV4,nan,2017,8,2450,8545,3330,12000,8650,115.20,磷酸铁锂电池,13.64,98.24,nan,nan,nan,nan,nan,nan,nan,nan,nan,nan,nan,nan,135/3000/2000,永磁同步电机,100,nan,nan,nan,250,nan,0.228,nan,nan,配置ID： NC238361
194,苏州益茂电动客车有限公司,东鸥牌,纯电动客车,ZQK6810EV6,nan,2017,8,2280,8100,"2780,2980",9400,6000,92.16,磷酸铁锂蓄电池,12.80,122.90,nan,nan,nan,nan,nan,nan,nan,nan,nan,nan,nan,nan,120/5500/450,永磁同步电动机,100,nan,nan,nan,250,nan,0.210,nan,nan,配置ID： NC230726
195,苏州益茂电动客车有限公司,东鸥牌,纯电动城市客车,ZQK6810EV8,nan,2017,8,2280,8100,"2780,2980",9400,6000,92.16,磷酸铁锂蓄电池,12.80,122.90,nan,nan,nan,nan,nan,nan,nan,nan,nan,nan,nan,nan,120/5500/450,永磁同步电动机,69,nan,nan,nan,250,nan,0.211,nan,nan,配置ID： NC230785
196,江苏陆地方舟新能源车辆股份有限公司,陆地方舟牌,纯电动冷藏车,RQ5025XLCEVH0,nan,2017,8,1680,4840,2460,2570,1800,44.51,镍钴锰酸锂离子电池,nan,109.60,nan,nan,nan,nan,nan,nan,nan,nan,nan,nan,nan,nan,42/8000/175,永磁同步电机,80,nan,nan,240,nan,nan,0.429,nan,nan,配置ID： NC240654
197,江苏陆地方舟新能源车辆股份有限公司,陆地方舟牌,纯电动厢式运输车,RQ5027XXYEVH0,nan,2017,8,1600,4022,1878,2510,1220,30.13,镍钴锰酸锂离子电池,nan,130.50,nan,nan,nan,nan,nan,nan,nan,nan,nan,nan,nan,nan,30/9000/120,永磁同步电机,70,nan,nan,170,nan,nan,0.243,nan,nan,配置ID： NC238033
198,江苏陆地方舟新能源车辆股份有限公司,陆地方舟牌,纯电动客车,RQ6110YEVH3,nan,2017,8,2500,10960,3600,17300,12610,189.20,磷酸铁锂动力蓄电池,16.70,86.70,nan,nan,nan,nan,nan,nan,nan,nan,nan,nan,nan,nan,150/2600/2850,交流异步电机,90,nan,nan,nan,335,nan,0.220,nan,nan,配置ID： NC213712
199,江苏陆地方舟新能源车辆股份有限公司,陆地方舟牌,纯电动城市客车,RQ6830GEVH6,nan,2017,8,2280,8348,"2880,2980",9400,6550,112.00,磷酸铁锂动力蓄电池,16.30,105.21,nan,nan,nan,nan,nan,nan,nan,nan,nan,nan,nan,nan,120/6000/500,永磁同步电机,69,nan,nan,nan,380,nan,0.190,nan,nan,配置ID： NC218764
200,江苏陆地方舟新能源车辆股份有限公司,陆地方舟牌,纯电动客车,RQ6830YEVH17,nan,2017,8,2280,8348,"2880,2980",9400,6550,112.00,磷酸铁锂动力蓄电池,16.30,105.21,nan,nan,nan,nan,nan,nan,nan,nan,nan,nan,nan,nan,120/6000/500,永磁同步电机,100,nan,nan,nan,380,nan,0.190,nan,nan,配置ID： NC219209
201,江苏陆地方舟新能源车辆股份有限公司,陆地方舟牌,纯电动客车,RQ6830YEVH18,nan,2017,8,2280,8348,"2880,2980",9400,6550,112.00,磷酸铁锂动力蓄电池,16.30,105.21,nan,nan,nan,nan,nan,nan,nan,nan,nan,nan,nan,nan,120/6000/500,永磁同步电机,100,nan,nan,nan,380,nan,0.190,nan,nan,配置ID： NC218872
202,南京特种汽车制配厂有限公司,金龙牌,纯电动厢式运输车,NJT5044XXYBEV1,nan,2017,8,2155,5990,"2820,2720",4480,3140,72.60,三元镍钴锰锂离子蓄电池,nan,106.15,nan,nan,nan,nan,nan,nan,nan,nan,nan,nan,nan,nan,90/6000/450,永磁同步电机,80,nan,nan,nan,240,nan,0.430,nan,nan,配置ID： NC240509
203,南京特种汽车制配厂有限公司,金龙牌,纯电动厢式运输车,NJT5045XXYBEV3,nan,2017,8,1995,5915,2650,4390,2880,72.95,三元锂离子蓄电池,nan,110.50,nan,nan,nan,nan,nan,nan,nan,nan,nan,nan,nan,nan,140/6000/781,永磁同步电机,100,nan,nan,nan,250,nan,0.370,nan,nan,配置ID： NC240254
204,南京特种汽车制配厂有限公司,金龙牌,纯电动厢式运输车,NJT5045XXYBEV5,nan,2017,8,1995,5915,2650,4390,2880,72.95,三元锂离子蓄电池,nan,110.50,nan,nan,nan,nan,nan,nan,nan,nan,nan,nan,nan,nan,140/6000/781,永磁同步电机,100,nan,nan,nan,250,nan,0.370,nan,nan,配置ID： NC240491
205,江苏登达汽车有限公司,钻石牌,纯电动厢式运输车,SGK5040XXYEV,nan,2017,8,2260,5980,3050,4495,3300,73.26,三元系动力电池,nan,116.50,nan,nan,nan,nan,nan,nan,nan,nan,nan,nan,nan,nan,120/4500/850,永磁同步驱动电机,95,nan,nan,nan,260,nan,0.344,nan,nan,配置ID： NC237978
206,江苏登达汽车有限公司,钻石牌,纯电动城市客车,SGK6109BEVGK11,nan,2017,8,2500,10500,"3050,3300",17000,"9600,9900",141.30,磷酸铁锂动力电池,11.70,123.60,nan,nan,nan,nan,nan,nan,nan,nan,nan,nan,nan,nan,200/3000/3000,永磁同步驱动电机,69,nan,nan,nan,230,nan,0.156,nan,nan,配置ID： NC233680
207,浙江中车电车有限公司,中国中车牌,纯电动城市客车,CSR6125GLEV1,nan,2017,8,2540,11950,3365,17800,"12650,13050",294.90,磷酸铁锂蓄电池,"18.60,18.00",130.17,nan,nan,nan,nan,nan,nan,nan,nan,nan,nan,nan,nan,150/3000/2500,永磁同步牵引电动机,69,nan,nan,nan,500,nan,0.231,nan,nan,配置ID： NC238139
208,浙江中车电车有限公司,中国中车牌,纯电动城市客车,CSR6180GLEV1,nan,2017,8,2540,17945,3350,28000,18100,101.56,钛酸锂电池,9.00,nan,3.25,nan,nan,nan,nan,nan,nan,nan,nan,nan,nan,nan,250/2600/3300,正弦控制型永磁同步电机,69,nan,nan,nan,nan,nan,0.183,nan,nan,配置ID： NC230208
209,浙江中车电车有限公司,中国中车牌,纯电动城市客车,CSR6851GLEV1,nan,2017,8,2380,8500,"3100,2950",11000,"6750,6900",104.75,磷酸铁锂蓄电池,12.00,"134.77,134.42",nan,nan,nan,nan,nan,nan,nan,nan,nan,nan,nan,nan,150/3000/2000,永磁同步电机,69,nan,nan,nan,252,nan,0.190,nan,nan,配置ID： NC237950
210,浙江宝成机械科技有限公司,宝裕牌,纯电动厢式运输车,ZBJ5030XXYBEV,nan,2017,8,"1660,1630","4900,4550",2350,2510,1380,34.80,三元锂电池,nan,122.05,nan,nan,nan,nan,nan,nan,nan,nan,nan,nan,nan,nan,55/8500/180,永磁同步电机,100,nan,nan,180,nan,nan,0.335,nan,nan,配置ID： NC237084
211,中植汽车(淳安)有限公司,四平牌,纯电动客车,SPK6810BEVL,nan,2017,8,2180,8060,"2630,2860",8600,5750,93.84,磷酸铁锂蓄电池,14.10,118.90,nan,nan,nan,nan,nan,nan,nan,nan,nan,nan,nan,nan,130/2600/1700,永磁同步电机,100,nan,nan,nan,278,nan,0.225,nan,nan,配置ID： NC229909
212,安庆安达尔汽车制造有限公司,安达尔牌,纯电动城市客车,AAQ6820EVG,nan,2017,8,2390,8160,"3100,3000",12200,"7900,7700",115.20,磷酸铁锂蓄电池,12.70,115.30,nan,nan,nan,nan,nan,nan,nan,nan,nan,nan,nan,nan,135/3000/2000,永磁同步电机,69,nan,nan,nan,250,nan,0.195,nan,nan,配置ID： NC240482
213,安徽广通汽车制造股份有限公司,安通牌,纯电动厢式运输车,CHG5050XXYBEV,nan,2017,8,2020,5995,2670,4500,3000,49.58,聚合物动力锂离子电池,nan,105.80,nan,nan,nan,nan,nan,nan,nan,nan,nan,nan,nan,nan,110/4000/1000,永磁同步电机,100,nan,nan,nan,160,nan,"0.450,0.470",nan,nan,配置ID： NC191168
214,芜湖中骐汽车制造有限公司,帅骐牌,纯电动城市客车,HL6100BEV01,nan,2017,8,2550,10490,"3050,3200",16500,"10640,10940",167.00,磷酸铁锂蓄电池,15.40,104.70,nan,nan,nan,nan,nan,nan,nan,nan,nan,nan,nan,nan,200/3000/2800,永磁同步电机,69,nan,nan,nan,300,nan,0.190,nan,nan,配置ID： NC236460
215,芜湖中骐汽车制造有限公司,帅骐牌,纯电动城市客车,HL6850BEV01,nan,2017,8,2460,8490,"3035,3120",12200,"8000,8200",96.70,磷酸铁锂蓄电池,10.40,119.90,nan,nan,nan,nan,nan,nan,nan,nan,nan,nan,nan,nan,150/3500/1700,永磁同步电机,69,nan,nan,nan,250,nan,0.180,nan,nan,配置ID： NC236510
216,江西博能上饶客车有限公司,上饶牌,纯电动城市客车,SR6101BEVG2,nan,2017,8,2460,10090,"3050,3200",14500,"9120,9535",164.70,磷酸铁锂蓄电池,14.90,116.80,nan,nan,nan,nan,nan,nan,nan,nan,nan,nan,nan,nan,250/3000/2500,永磁同步直流电机,69,nan,nan,nan,286,nan,0.209,nan,nan,配置ID： NC238669
217,安源客车制造有限公司,安源牌,纯电动城市客车,PK6605BEV,nan,2017,8,1995,6050,"2620,2700",4755,3250,55.75,磷酸铁锂电池,14.10,131.11,nan,nan,nan,nan,nan,nan,nan,nan,nan,nan,nan,nan,105/5000/700,永磁同步电机,69,nan,nan,nan,249,nan,0.238,nan,nan,配置ID： NC238730
218,安源客车制造有限公司,安源牌,纯电动城市客车,PK6802BEV,nan,2017,8,2420,8050,3300,11450,7735,138.20,磷酸铁锂离子电池,13.70,137.27,nan,nan,nan,nan,nan,nan,nan,nan,nan,nan,nan,nan,160/4500/950,永磁同步电机,69,nan,nan,nan,258,nan,0.239,nan,nan,配置ID： NC238725
219,安源客车制造有限公司,安源牌,纯电动城市客车,PK6853BEV1,nan,2017,8,2430,8510,3250,12280,8790,103.60,磷酸铁锂离子电池,12.50,"97.80,100.10",nan,nan,nan,nan,nan,nan,nan,nan,nan,nan,nan,nan,150/3500/1800,永磁同步电机,69,nan,nan,nan,232,nan,0.230,nan,nan,配置ID： NC237993
220,烟台舒驰客车有限责任公司,舒驰牌,纯电动厢式运输车,YTK5040XXYEV3,nan,2017,8,1995,5960,2650,4490,2870,74.84,三元锂电池,nan,119.30,nan,nan,nan,nan,nan,nan,nan,nan,nan,nan,nan,nan,90/4000/750,永磁同步电机,100,nan,nan,nan,330,nan,0.244,nan,nan,配置ID： NC230046
221,烟台舒驰客车有限责任公司,舒驰牌,纯电动城市客车,YTK6101GEV1,nan,2017,8,2510,10300,"3260,3070",15320,"10100,9900",170.00,磷酸铁锂电池,14.90,121.70,nan,nan,nan,nan,nan,nan,nan,nan,nan,nan,nan,nan,120/4000/600,永磁同步电机,69,nan,nan,nan,285,nan,0.186,nan,nan,配置ID： NC229929
222,烟台舒驰客车有限责任公司,舒驰牌,纯电动城市客车,YTK6101GEV3,nan,2017,8,2510,10300,"3260,3070",15320,"10100,9900",167.73,磷酸铁锂电池,14.10,123.59,nan,nan,nan,nan,nan,nan,nan,nan,nan,nan,nan,nan,120/4000/600,永磁同步电机,69,nan,nan,nan,280,nan,0.189,nan,nan,配置ID： NC238032
223,烟台舒驰客车有限责任公司,舒驰牌,纯电动城市客车,YTK6118GEV,nan,2017,8,2490,10980,"3630,3510",16400,"11700,11500",165.90,磷酸铁锂电池,13.70,101.40,nan,nan,nan,nan,nan,nan,nan,nan,nan,nan,nan,nan,160/3200/1000,永磁同步电机,69,nan,nan,nan,256,nan,0.233,nan,nan,配置ID： NC238204
224,烟台舒驰客车有限责任公司,舒驰牌,纯电动城市客车,YTK6812GEV,nan,2017,8,2130,8052,"2980,2800",9300,"6350,6150",116.70,磷酸铁锂电池,15.80,115.80,nan,nan,nan,nan,nan,nan,nan,nan,nan,nan,nan,nan,100/4000/500,永磁同步电机,69,nan,nan,nan,300,nan,0.215,nan,nan,配置ID： NC238252
225,烟台海德专用汽车有限公司,海德牌,纯电动扫路车,CHD5082TSLBEV,nan,2017,8,2050,6100,2540,8490,5780,107.50,磷酸铁锂,nan,112.92,nan,nan,nan,nan,nan,nan,nan,nan,nan,nan,nan,nan,125/6000/450,直流永磁同步电机,90,nan,nan,nan,231,nan,nan,nan,5.85,配置ID： NC238991
226,山东沂星电动汽车有限公司,飞燕牌,纯电动旅游客车,SDL6122EVL,nan,2017,8,2550,12000,3520,18000,12800,201.60,磷酸铁锂蓄电池,13.50,120.90,nan,nan,nan,nan,nan,nan,nan,nan,nan,nan,nan,nan,220/3500/2500,交流异步电机,100,nan,nan,nan,350,nan,0.223,nan,nan,配置ID： NC238734
227,山东沂星电动汽车有限公司,飞燕牌,纯电动客车,SDL6802EV,nan,2017,8,2160,8040,2840,9000,5900,100.80,磷酸铁锂电池,14.60,120.90,nan,nan,nan,nan,nan,nan,nan,nan,nan,nan,nan,nan,140/4500/1114,交流异步电机,80,nan,nan,nan,300,nan,0.217,nan,nan,配置ID： NC237968
228,山东沂星电动汽车有限公司,飞燕牌,纯电动城市客车,SDL6836EVG,nan,2017,8,2530,8300,3200,12500,8050,100.80,磷酸铁锂蓄电池,11.20,121.10,nan,nan,nan,nan,nan,nan,nan,nan,nan,nan,nan,nan,160/3500/1900,交流异步电机,69,nan,nan,nan,260,nan,0.172,nan,nan,配置ID： NC237742
229,郑州宇通重工有限公司,宇通牌,纯电动路面养护车,YTZ5030TYHZ0BEV,nan,2017,8,"1700,1730",4880,2250,3495,2850,55.29,磷酸铁锂蓄电池,nan,99.00,nan,nan,nan,nan,nan,nan,nan,nan,nan,nan,nan,nan,50/3100/480,永磁同步电机,75,nan,nan,297,nan,nan,nan,nan,4.73,配置ID： NC227322
230,郑州宇通重工有限公司,宇通牌,纯电动扫路车,YTZ5040TSLZ0BEV,nan,2017,8,1750,5530,2350,4490,3700,81.10,磷酸铁锂蓄电池,nan,134.77,nan,nan,nan,nan,nan,nan,nan,nan,nan,nan,nan,nan,50/3100/480,永磁同步电机,75,nan,nan,nan,295,nan,nan,nan,6.41,配置ID： NC240189
231,郑州宇通重工有限公司,宇通牌,纯电动厢式运输车,YTZ5040XXYZ0BEV,nan,2017,8,1700,"5880,5320",2270,4490,"2800,2700",55.29,磷酸铁锂蓄电池,nan,99.00,nan,nan,nan,nan,nan,nan,nan,nan,nan,nan,nan,nan,50/3100/480,永磁同步电机,75,nan,nan,nan,260,nan,0.238,nan,nan,配置ID： NC240179
232,郑州宇通重工有限公司,宇通牌,纯电动自装卸式垃圾车,YTZ5040ZZZZ1BEV,nan,2017,8,1700,5400,2620,4490,3500,55.29,磷酸铁锂蓄电池,nan,99.00,nan,nan,nan,nan,nan,nan,nan,nan,nan,nan,nan,nan,50/3100/480,永磁同步电机,75,nan,nan,nan,205,nan,0.498,nan,nan,配置ID： NC240165
233,郑州宇通重工有限公司,宇通牌,纯电动扫路车,YTZ5180TSLZ0BEV,nan,2017,8,2490,8180,3250,18000,12560,273.71,磷酸铁锂蓄电池,nan,"134.77,131.11",nan,nan,nan,nan,nan,nan,nan,nan,nan,nan,nan,nan,200/3000/2400,永磁同步电机,85,nan,nan,nan,410,nan,nan,nan,4.21,配置ID： NC240126
234,河南森源重工有限公司,森源牌,纯电动清洗车,SMQ5180GQXBEV,nan,2017,8,"2500, 2500","8205, 9145","2900, 2900","18000, 18000","10100, 10100","193.50, 193.50","磷酸铁锂电池, 磷酸铁锂电池",nan,"97.52, 97.52",nan,nan,nan,nan,nan,nan,nan,nan,nan,nan,nan,nan,"180/2400/2950, 180/2400/2950","永磁同步电动机, 永磁同步电动机","80, 80",nan,nan,nan,"220, 220",nan,nan,nan,"5.48, 5.48","配置ID： NC238804, 配置ID： NC238708"
235,扬子江汽车集团有限公司,扬子江牌,纯电动城市客车,WG6100BEVHM10,nan,2017,8,2500,10500,"3200,3520",16500,11000,138.20,锰酸锂电池,10.60,115.90,nan,nan,nan,nan,nan,nan,nan,nan,nan,nan,nan,nan,160/7500/900,永磁同步电机,69,nan,nan,nan,238,nan,0.211,nan,nan,配置ID： NC239844
236,扬子江汽车集团有限公司,扬子江牌,纯电动城市客车,WG6850BEVZT9,nan,2017,8,2450,8530,"2800,3000",12500,"8000,8300",129.00,磷酸铁锂电池,"15.60,15.10",106.90,nan,nan,nan,nan,nan,nan,nan,nan,nan,nan,nan,nan,110/3000/1600,永磁同步电机,69,nan,nan,nan,330,nan,0.179,nan,nan,配置ID： NC239814
237,武汉客车制造股份有限公司,华中牌,纯电动客车,WH6101BEV,nan,2017,8,2500,10480,"3210,3310",15800,10400,165.90,磷酸铁锂蓄电池,15.70,101.40,nan,nan,nan,nan,nan,nan,nan,nan,nan,nan,nan,nan,160/3200/1000,永磁同步电机,100,nan,nan,nan,255,nan,0.234,nan,nan,配置ID： NC238979
238,珠海广通汽车有限公司,广通牌,纯电动厢式运输车,GTQ5025XXYEV,nan,2017,8,1626,4430,1930,2180,1450,35.82,三元软包锂离子动力电池,nan,110.40,nan,nan,nan,nan,nan,nan,nan,nan,nan,nan,nan,nan,60/9000/210,永磁同步电机,85,nan,nan,235,nan,nan,0.403,nan,nan,配置ID： NC238985
239,珠海广通汽车有限公司,广通牌,纯电动厢式运输车,GTQ5043XXYBEV1,nan,2017,8,2040,5990,2740,4495,2700,52.84,三元软包锂离子动力电池,nan,126.20,nan,nan,nan,nan,nan,nan,nan,nan,nan,nan,nan,nan,92/4500/750,永磁同步,105,nan,nan,nan,250,nan,0.241,nan,nan,配置ID： NC234738
240,珠海广通汽车有限公司,广通牌,纯电动城市客车,GTQ6101BEVBT8,nan,2017,8,2500,10200,3160,14000,"10000,9500",81.20,钛酸锂电池,"18.40,19.40",nan,"3.05C,3.17C",nan,nan,nan,nan,nan,nan,nan,nan,nan,nan,nan,200/3000/2800,永磁同步电机,69,nan,nan,nan,nan,nan,0.227,nan,nan,配置ID： NC238808
241,珠海广通汽车有限公司,广通牌,纯电动客车,GTQ6119BEVH11,nan,2017,8,2500,10700,"3210,3460",16500,"11200,11800",139.28,磷酸铁锂电池,10.50,117.89,nan,nan,nan,nan,nan,nan,nan,nan,nan,nan,nan,nan,200/3350/2800,永磁同步电机,100,nan,nan,nan,230,nan,0.215,nan,nan,配置ID： NC233830
242,珠海广通汽车有限公司,广通牌,纯电动客车,GTQ6119BEVH2,nan,2017,8,2500,10700,"3210,3460",16500,"12000,12500",162.62,磷酸铁锂电池,13.80,98.23,nan,nan,nan,nan,nan,nan,nan,nan,nan,nan,nan,nan,200/3300/3000,三相永磁同步电机,100,nan,nan,nan,280,nan,0.236,nan,nan,配置ID： NC238690
243,珠海广通汽车有限公司,广通牌,纯电动客车,GTQ6119BEVH3,nan,2017,8,2500,10700,"3210,3460",16500,"12000,12500",189.24,磷酸铁锂电池,13.70,120.47,nan,nan,nan,nan,nan,nan,nan,nan,nan,nan,nan,nan,200/3350/2800,永磁同步电机,100,nan,nan,nan,350,nan,0.236,nan,nan,配置ID： NC238677
244,珠海广通汽车有限公司,广通牌,纯电动客车,GTQ6119BEVP11,nan,2017,8,2500,10700,"3210,3460",16500,"11200,11800",139.28,磷酸铁锂电池,10.50,117.89,nan,nan,nan,nan,nan,nan,nan,nan,nan,nan,nan,nan,200/3350/2800,永磁同步电机,100,nan,nan,nan,230,nan,0.215,nan,nan,配置ID： NC233877
245,珠海广通汽车有限公司,广通牌,纯电动客车,GTQ6119BEVP2,nan,2017,8,2500,10700,"3210,3460",16500,"12000,12500",162.62,磷酸铁锂电池,13.80,98.23,nan,nan,nan,nan,nan,nan,nan,nan,nan,nan,nan,nan,200/3300/3000,三相永磁同步电机,100,nan,nan,nan,280,nan,0.236,nan,nan,配置ID： NC238696
246,珠海广通汽车有限公司,广通牌,纯电动客车,GTQ6119BEVP3,nan,2017,8,2500,10700,"3210,3460",16500,"12000,12500",189.24,磷酸铁锂电池,13.70,120.47,nan,nan,nan,nan,nan,nan,nan,nan,nan,nan,nan,nan,200/3350/2800,永磁同步电机,100,nan,nan,nan,350,nan,0.236,nan,nan,配置ID： NC238687
247,珠海广通汽车有限公司,广通牌,纯电动城市客车,GTQ6123BEVBT8,nan,2017,8,2550,12000,3450,18000,12700,69.60,钛酸锂电池,12.90,nan,5.06C,nan,nan,nan,nan,nan,nan,nan,nan,nan,nan,nan,200/3000/2800,永磁同步电机,69,nan,nan,nan,nan,nan,0.216,nan,nan,配置ID： NC234214
248,珠海广通汽车有限公司,广通牌,纯电动城市客车,GTQ6853BEVBT8,nan,2017,8,2500,8500,3450,13500,9000,46.40,钛酸锂电池,12.20,nan,5.11C,nan,nan,nan,nan,nan,nan,nan,nan,nan,nan,nan,150/3000/2000,永磁同步电机,69,nan,nan,nan,nan,nan,0.193,nan,nan,配置ID： NC233984
249,珠海市广通客车有限公司,广客牌,纯电动客车,GTZ6112BEV3,nan,2017,8,2500,10970,3510,15500,"11500,11600",170.00,磷酸铁锂,12.90,121.24,nan,nan,nan,nan,nan,nan,nan,nan,nan,nan,nan,nan,200/3500/3000,永磁同步电机,100,nan,nan,nan,305,nan,0.227,nan,nan,配置ID： NC238463
250,珠海市广通客车有限公司,广客牌,纯电动城市客车,GTZ6119BEVB2,nan,2017,8,2520,10660,3250,17000,11600,248.80,磷酸铁锂,18.10,117.54,nan,nan,nan,nan,nan,nan,nan,nan,nan,nan,nan,nan,250/3000/2500,永磁同步电机,69,nan,nan,nan,432,nan,0.170,nan,nan,配置ID： NC230315
251,珠海市广通客车有限公司,广客牌,纯电动城市客车,GTZ6119BEVB3,nan,2017,8,2520,10660,3250,16500,10800,170.00,磷酸铁锂,13.70,121.24,nan,nan,nan,nan,nan,nan,nan,nan,nan,nan,nan,nan,150/3000/2500,永磁同步电机,69,nan,nan,nan,295,nan,0.176,nan,nan,配置ID： NC238384
252,东莞中汽宏远汽车有限公司,宏远牌,纯电动城市客车,KMT6109GBEV9,nan,2017,8,2480,10450,"3220,2980",17000,"10550,10300",165.90,磷酸铁锂电池,"15.50,15.90",101.40,nan,nan,nan,nan,nan,nan,nan,nan,nan,nan,nan,nan,200/2600/2500,永磁同步电机,69,nan,nan,nan,287,nan,0.176,nan,nan,配置ID： NC233607
253,东莞中汽宏远汽车有限公司,宏远牌,纯电动城市客车,KMT6860GBEV9,nan,2017,8,2410,8560,"3080,2910",13500,"8800,8550",129.02,磷酸铁锂电池,11.80,131.10,nan,nan,nan,nan,nan,nan,nan,nan,nan,nan,nan,nan,150/3000/2000,永磁同步电机,69,nan,nan,nan,295,nan,0.211,nan,nan,配置ID： NC238362
254,广西玉柴专用汽车有限公司,玉柴专汽牌,纯电动冷藏车,NZ5030XLCEV,nan,2017,8,1560,4240,2460,2800,1900,43.60,三元镍钴锰酸锂复合材料电池,nan,100.39,nan,nan,nan,nan,nan,nan,nan,nan,nan,nan,nan,nan,50/4700/500,永磁同步电机,85,nan,nan,180,nan,nan,0.460,nan,nan,配置ID： NC231904
255,广西玉柴专用汽车有限公司,玉柴专汽牌,纯电动仓栅式运输车,NZ5041CCYEV,nan,2017,8,2150,5995,2930,4495,3210,75.30,三元镍钴锰酸锂复合材料电池,nan,103.08,nan,nan,nan,nan,nan,nan,nan,nan,nan,nan,nan,nan,90/3500/1200,三相交流电动机,85,nan,nan,nan,255,nan,0.410,nan,nan,配置ID： NC232327
256,广西源正新能源汽车有限公司,紫象牌,纯电动城市客车,HQK6109BEVB2,nan,2017,8,2500,10500,"3200,3060",16500,"10600,11000",179.10,磷酸铁锂蓄电池,13.60,131.11,nan,nan,nan,nan,nan,nan,nan,nan,nan,nan,nan,nan,200/3000/2500,永磁同步电机,69,nan,nan,nan,250,nan,0.220,nan,nan,配置ID： NC239922
257,广西源正新能源汽车有限公司,紫象牌,插电式混合动力城市客车,HQK6109PHEVB,nan,2017,8,2500,10500,3400,16500,"11800,12300",51.10,锰酸锂蓄电池,"5.90,5.70",nan,nan,nan,是,YC6J200-52,广西玉柴机器股份有限公司,6494/147,nan,14.90,nan,nan,nan,柴油/电混合动力,135/3500/1000,永磁同步电机,69,nan,85,nan,nan,56.20,nan,nan,nan,配置ID： NC241082
258,广西源正新能源汽车有限公司,紫象牌,插电式混合动力城市客车,HQK6128PHEVNG5,nan,2017,8,2550,11990,3350,17900,12680,50.79,锰酸锂动力电池,5.50,nan,nan,nan,允许外接充电,YC6J210N-52,广西玉柴机器股份有限公司,6494/155,nan,nan,nan,nan,nan,LNG/电混合动力,100/3000/823,永磁同步电机,69,nan,82,nan,nan,nan,nan,nan,nan,配置ID： NC241094
259,广西源正新能源汽车有限公司,紫象牌,插电式混合动力城市客车,HQK6129PHEVB,nan,2017,8,2500,11995,3400,18000,"12400,13100",53.80,磷酸铁锂蓄电池,6.30,nan,nan,nan,是,YC6J220-52,广西玉柴机器股份有限公司,6494/162,nan,17.70,nan,nan,nan,柴油/电混合动力,135/3500/1000,永磁同步电机,69,nan,83,nan,nan,52.80,nan,nan,nan,配置ID： NC241090
260,广西源正新能源汽车有限公司,紫象牌,插电式混合动力城市客车,HQK6129PHEVNG,nan,2017,8,2500,11995,3400,18000,"12400,13100",53.80,磷酸铁锂蓄电池,6.30,nan,nan,nan,是,YC6G230N-50,广西玉柴机器股份有限公司,7800/170,nan,nan,nan,nan,nan,LNG/电混合动力,135/3500/1000,永磁同步电机,69,nan,83,nan,nan,nan,nan,nan,nan,配置ID： NC241108
261,广西源正新能源汽车有限公司,紫象牌,纯电动城市客车,HQK6803BEVB,nan,2017,8,2480,8045,"3235,3430",12200,8350,92.90,磷酸铁锂蓄电池,9.20,131.11,nan,nan,nan,nan,nan,nan,nan,nan,nan,nan,nan,nan,150/3000/2000,永磁同步电机,69,nan,nan,nan,203,nan,0.229,nan,nan,配置ID： NC241095
262,重庆盛时达汽车有限公司,炫虎牌,纯电动厢式运输车,DAT5047XXYEVC,nan,2017,8,2160,5995,2870,4495,3200,82.40,磷酸铁锂蓄电池,nan,110.90,nan,nan,nan,nan,nan,nan,nan,nan,nan,nan,nan,nan,90/4000/1200,交流异步电机,85,nan,nan,nan,280,nan,0.456,nan,nan,配置ID： NC240412
263,四川新筑通工汽车有限公司,通工牌,纯电动城市客车,TG6102CBEV1,nan,2017,8,2500,10500,"3050,3265",16500,"10000,10300",172.80,磷酸铁锂蓄电池,17.10,97.33,nan,nan,nan,nan,nan,nan,nan,nan,nan,nan,nan,nan,200/3400/2450,永磁同步电机,69,nan,nan,nan,300,nan,0.182,nan,nan,配置ID： NC238216
264,成都广通汽车有限公司,广通牌,纯电动城市客车,CAT6100CRBEVT,nan,2017,8,2500,10200,3160,14000,"10000,9500",70.66,钛酸锂电池,"15.50,14.80",nan,"5.06,5.19",nan,nan,nan,nan,nan,nan,nan,nan,nan,nan,nan,200/3000/2800,永磁同步电机,69,nan,nan,nan,nan,nan,0.231,nan,nan,配置ID： NC238456
265,成都广通汽车有限公司,广通牌,纯电动铰接城市客车,CAT6180DRBEVT,nan,2017,8,2550,18000,3350,28000,"18400,19500,20300",92.74,钛酸锂电池,"10.10,9.60,9.20",nan,5.05,nan,nan,nan,nan,nan,nan,nan,nan,nan,nan,nan,220/2700/3000,永磁同步电机,69,nan,nan,nan,nan,nan,0.203,nan,nan,配置ID： NC238467
266,成都广通汽车有限公司,广通牌,纯电动城市客车,CAT6680CRBEVT,nan,2017,8,2290,6840,3060,9000,"6600,6400",33.12,钛酸锂电池,"10.50,10.20",nan,"5.11,5.05",nan,nan,nan,nan,nan,nan,nan,nan,nan,nan,nan,138/2800/730,永磁同步电机,69,nan,nan,nan,nan,nan,0.219,nan,nan,配置ID： NC238416
267,奇瑞万达贵州客车股份有限公司,万达牌,插电式混合动力城市客车,WD6102CHEVN1,nan,2017,8,2500,10490,3420,16400,12100,49.46,磷酸铁锂蓄电池,5.60,nan,nan,nan,是,YC6J210N-52,广西玉柴机器股份有限公司,6494/155,nan,nan,nan,nan,nan,CNG/电混合动力,135/3500/1000,永磁同步电机,69,nan,75,nan,nan,nan,nan,nan,nan,配置ID： NC239812
268,奇瑞万达贵州客车股份有限公司,万达牌,纯电动客车,WD6602BEV6,nan,2017,8,1920,6010,2314,4350,2950,50.69,磷酸铁锂蓄电池,17.30,101.20,nan,nan,nan,nan,nan,nan,nan,nan,nan,nan,nan,nan,100/5000/700,永磁同步电机,100,nan,nan,nan,265,nan,0.229,nan,nan,配置ID： NC228937
269,贵州贵航云马汽车工业有限责任公司,云马牌,纯电动城市客车,YM6801BEVG,nan,2017,8,2250,8050,"2910,2980",9000,6150,92.16,磷酸铁锂蓄电池,12.40,118.28,nan,nan,nan,nan,nan,nan,nan,nan,nan,nan,nan,nan,110/4000/1200,永磁同步电机,69,nan,nan,nan,255,nan,0.225,nan,nan,配置ID： NC229969
270,昆明客车制造有限公司,云海牌,纯电动厢式运输车,KK5030XXYEV04,nan,2017,8,1650,5165,2610,2980,1975,42.77,磷酸铁锂蓄电池,nan,93.86,nan,nan,nan,nan,nan,nan,nan,nan,nan,nan,nan,nan,50/7200/220,永磁同步电机,80,nan,nan,205,nan,nan,0.404,nan,nan,配置ID： NC230930
271,昆明客车制造有限公司,云海牌,插电式混合动力城市客车,KK6103G03PHEV,nan,2017,8,2500,10450,"3150,3250",16600,"11700,12400",51.15,锰酸锂电池,5.98,nan,nan,nan,是,WP7NG240E51,潍柴西港新能源动力有限公司,7470/177,nan,nan,nan,nan,nan,NG/电混合动力,100/3000/865,永磁同步电机,69,nan,90,nan,nan,nan,nan,nan,nan,配置ID： NC239064
272,陕西跃迪新能源汽车有限公司,跃迪牌,纯电动城市客车,SQZ6820EVG,nan,2017,8,2390,8160,"3100,3000",12200,"7900,7700",115.20,磷酸铁锂蓄电池,12.70,115.30,nan,nan,nan,nan,nan,nan,nan,nan,nan,nan,nan,nan,135/3000/2000,永磁同步电机,69,nan,nan,nan,250,nan,0.204,nan,nan,配置ID： NC239795
273,东风汽车公司,东风牌,纯电动厢式运输车,EQ5042XXYACBEV,（第7批发布推荐车型）,2017,8,2000,5980,2800,4495,2805,77.60,三元材料锂离子蓄电池,nan,116.10,nan,nan,nan,nan,nan,nan,nan,nan,nan,nan,nan,nan,100/5000/700,永磁同步电机,85,nan,nan,nan,280,nan,0.314,nan,nan,配置ID： NC186363 *
274,东风裕隆汽车有限公司,裕路牌,纯电动轿车,DYM7009ABBEV,（第3批发布推荐车型）,2017,8,1669,3643,1496,1365,1065,nan,三元锂离子电池,nan,122.10,nan,13.30,nan,nan,nan,nan,nan,nan,nan,nan,nan,nan,27/6600/140,交流异步,100,nan,nan,150,nan,nan,nan,100,nan,配置ID： NC198707 *
275,北汽福田汽车股份有限公司,福田牌,纯电动城市客车,BJ6123EVCA-37,（第5批发布推荐车型）,2017,8,2550,12000,"3050,3150,3250",18000,"12700,12980,13300",101.50,钛酸锂电池,"19.00,18.60,18.10",nan,"3.16C,3.17C",nan,nan,nan,nan,nan,nan,nan,nan,nan,nan,nan,160/7500/900,永磁同步电机,69,nan,nan,nan,nan,nan,0.228,nan,nan,配置ID： NC221372 *
276,北京新能源汽车股份有限公司,北京牌,纯电动轿车,BJ7000BRDA-BEV,（第1批发布推荐车型）,2017,8,1720,4025,1503,1670,1295,nan,磷酸铁锂电池,nan,94.06,nan,16.67,nan,nan,nan,nan,nan,nan,nan,nan,nan,nan,45/9000/144,永磁同步电机,125,nan,nan,152,nan,nan,nan,110,nan,配置ID： NC186787 *
277,一汽客车(大连)有限公司,解放牌,纯电动厢式运输车,CA5040XXYBEV31,（第5批发布推荐车型）,2017,8,1995,"5960,5835",2650,4490,3000,75.00,三元锂离子动力蓄电池,nan,123.64,nan,nan,nan,nan,nan,nan,nan,nan,nan,nan,nan,nan,100/4000/745,永磁同步电机,100,nan,nan,nan,320,nan,0.301,nan,nan,配置ID： NC218732 *
278,丹东黄海汽车有限责任公司,黄海牌,插电式混合动力城市客车,DD6120CHEV3N,（第5批发布推荐车型）,2017,8,2532,11500,3440,17900,"12000,12450",51.14,锰酸锂蓄电池,5.80,nan,nan,nan,是,B6.7GE5 210,湖北函宇动力科技有限公司,6700/155,nan,nan,nan,nan,nan,LNG/电混合动力,135/3500/1000,永磁同步电机,69,nan,90,nan,nan,nan,nan,nan,nan,配置ID： NC218985 *
279,北汽新能源汽车常州有限公司,北京牌,纯电动轿车,BJ7000KPCC-BEV,（第3批发布推荐车型）,2017,8,1676,2986,1492,1045,895,nan,三元锂离子电池,nan,126.24,nan,11.30,nan,nan,nan,nan,nan,nan,nan,nan,nan,nan,36/9000/120,永磁同步电机,110,nan,nan,150,nan,nan,nan,100,nan,配置ID： NC200840 *
280,浙江豪情汽车制造有限公司,吉利牌,纯电动轿车,JL7001BEV38,（第2批发布推荐车型）,2017,8,"1540, 1540","2806, 2806","1555, 1555","955, 955","775, 775",nan,"三元锂离子电池, 三元锂离子电池",nan,"92.79, 92.79",nan,"10.18, 9.80",nan,nan,nan,nan,nan,nan,nan,nan,nan,nan,"30/7250/85, 30/7200/90","永磁同步电机, 永磁同步电机","100, 100",nan,nan,"155, 155",nan,nan,nan,"100, 100",nan,"配置ID： NC194638 *, 配置ID： NC193214"
281,福建新龙马汽车股份有限公司,福建牌,纯电动厢式运输车,FJ5020XXYBEVA5,（第3批发布推荐车型）,2017,8,1677,4071,1902,1940,1330,35.30,镍钴锰酸锂电池,nan,109.58,nan,nan,nan,nan,nan,nan,nan,nan,nan,nan,nan,nan,50/8000/240,永磁同步电机,100,nan,nan,210,nan,nan,0.500,nan,nan,配置ID： NC195335 *
282,福建新龙马汽车股份有限公司,福建牌,纯电动厢式运输车,FJ5020XXYBEVA12,（第3批发布推荐车型）,2017,8,1677,4071,1902,1940,"1340,1350",36.30,镍钴锰酸锂电池,nan,114.97,nan,nan,nan,nan,nan,nan,nan,nan,nan,nan,nan,nan,60/7000/200,永磁同步电机,100,nan,nan,220,nan,nan,0.493,nan,nan,配置ID： NC195308 *
283,郑州宇通客车股份有限公司,宇通牌,纯电动客车,ZK6808BEVQ5,（第1批发布推荐车型）,2017,8,2360,8045,"3025,3250",11480,"8450,8150",124.41,磷酸铁锂动力电池,15.30,100.50,nan,nan,nan,nan,nan,nan,nan,nan,nan,nan,nan,nan,160/3000/1530,永磁同步电机,"90,80",nan,nan,nan,351,nan,0.240,nan,nan,配置ID： NC188125 *
284,郑州宇通客车股份有限公司,宇通牌,插电式混合动力城市客车,ZK6850CHEVPG35,（第2批发布推荐车型）,2017,8,"2500, 2500","8530, 8530","3200,3400, 3200,3400","12600, 12600","8850,9200,9470, 8850,9200,9470","26.04, 26.04","锰酸锂蓄电池, 锰酸锂蓄电池","4.90, 4.90",nan,nan,nan,"是, 是","YC4S150-50, WP4.1Q140E50","广西玉柴机器股份有限公司, 潍柴动力扬州柴油机有限责任公司","3767/110, 4088/103",nan,"12.10, 12.00",nan,nan,nan,"柴油/电混合动力, 柴油/电混合动力","125/6000/600, 125/6000/600","车载永磁同步电机, 车载永磁同步电机","69, 69",nan,"52, 52",nan,nan,"60.30, 60.70",nan,nan,nan,"配置ID： NC195629 *, 配置ID： NC195628 *"
285,郑州宇通客车股份有限公司,宇通牌,纯电动城市客车,ZK6105BEVG31,（第5批发布推荐车型）,2017,8,2500,10500,"3050,3200,3250,3350",16500,"10350,10800,11290",143.07,磷酸铁锂蓄电池,11.90,119.74,nan,nan,nan,nan,nan,nan,nan,nan,nan,nan,nan,nan,200/3000/2400,永磁同步电机,69,nan,nan,nan,255,nan,0.220,nan,nan,配置ID： NC218871 *
286,郑州宇通客车股份有限公司,宇通牌,纯电动城市客车,ZK6805BEVG31,（第5批发布推荐车型）,2017,8,2350,8050,"2975,3150,3300",11800,"7400,7700,7900",95.38,磷酸铁锂蓄电池,11.10,119.74,nan,nan,nan,nan,nan,nan,nan,nan,nan,nan,nan,nan,160/3000/1530,永磁同步电机,69,nan,nan,nan,205,nan,0.240,nan,nan,配置ID： NC218858 *
287,比亚迪汽车工业有限公司,比亚迪牌,纯电动城市客车,BYD6800HZEV1,（第5批发布推荐车型）,2017,8,"2060, 2060","8010, 8010","3150, 3150","9900, 9900","6850,6550, 6850,6550","118.30, 118.30","磷酸铁锂蓄电池, 磷酸铁锂蓄电池","18.12,18.90, 18.12,18.90","96.09, 96.09",nan,nan,nan,nan,nan,nan,nan,nan,nan,nan,nan,nan,"90/7500/400, 90/7500/400","永磁同步电机, 永磁同步电机","69, 69",nan,nan,nan,"335, 335",nan,"0.226,0.238, 0.226,0.238",nan,nan,"配置ID： NC234806 *, 配置ID： NC219615 *"
288,中植一客成都汽车有限公司,中植汽车牌,纯电动客车,CDL6110LRBEV1,（第2批发布推荐车型）,2017,8,2500,10990,"3500,3600",16150,11600,166.20,磷酸铁锂电池,13.30,109.80,nan,nan,nan,nan,nan,nan,nan,nan,nan,nan,nan,nan,160/3200/1000,三相交流同步电机,100,nan,nan,nan,270,nan,0.232,nan,nan,配置ID： NC197400 *
289,成都大运汽车集团有限公司,大运牌,纯电动厢式运输车,CGC5025XXYBEV1NBBFAAML,（第4批发布推荐车型）,2017,8,1620,4150,1905,2290,1680,42.72,三元材料锂离子电池,nan,101.71,nan,nan,nan,nan,nan,nan,nan,nan,nan,nan,nan,nan,42/6000/150,永磁同步电机,100,nan,nan,265,nan,nan,0.420,nan,nan,配置ID： NC211713 *
290,成都大运汽车集团有限公司,大运牌,纯电动厢式运输车,CGC5025XXYBEV1NBBFBAML,（第3批发布推荐车型）,2017,8,1620,4150,1905,2290,1680,42.72,三元材料锂离子电池,nan,101.71,nan,nan,nan,nan,nan,nan,nan,nan,nan,nan,nan,nan,60/9000/200,永磁同步电机,100,nan,nan,265,nan,nan,0.446,nan,nan,配置ID： NC203121 *
291,成都大运汽车集团有限公司,大运牌,纯电动厢式运输车,CGC5025XXYBEV1NBBFAAXL,（第4批发布推荐车型）,2017,8,1666,4198,1933,2290,1680,42.72,三元材料锂离子电池,nan,101.71,nan,nan,nan,nan,nan,nan,nan,nan,nan,nan,nan,nan,42/6000/150,永磁同步电机,100,nan,nan,265,nan,nan,0.420,nan,nan,配置ID： NC211663 *
292,成都大运汽车集团有限公司,大运牌,纯电动厢式运输车,CGC5044XXYBEV1NBLJEAGK,（第4批发布推荐车型）,2017,8,"2050,2150,2250, 2050,2150,2250, 2050,2150,2250, 2050,2150,2250, 2050,2150,2250, 2050,2150,2250","5995, 5995, 5995, 5995, 5995, 5995","2870,2970,3070, 2870,2970,3070, 2870,2970,3070, 2870,2970,3070, 2870,2970,3070, 2870,2970,3070","4490, 4490, 4490, 4490, 4490, 4490","2985,3050,2990, 2985,3050,2990, 2985,3050,2990, 2985,3050,2990, 2985,3050,2990, 2985,3050,2990","77.40, 77.40, 77.36, 77.36, 77.60, 77.60","三元锂蓄电池, 三元锂蓄电池, 三元材料锂离子蓄电池, 三元材料锂离子蓄电池, 三元材料锂离子电池, 三元材料锂离子电池",nan,"120.30, 120.30, 108.70, 108.70, 110.86, 110.86",nan,nan,nan,nan,nan,nan,nan,nan,nan,nan,nan,nan,"100/3700/750, 100/3700/750, 100/3700/750, 100/3700/750, 100/3700/750, 100/3700/750","永磁同步电机, 永磁同步电机, 永磁同步电机, 永磁同步电机, 永磁同步电机, 永磁同步电机","80, 80, 80, 80, 80, 80",nan,nan,nan,"295, 295, 290, 290, 315, 315",nan,"0.280, 0.282, 0.292, 0.290, 0.291, 0.290",nan,nan,"配置ID： NC238871 *, 配置ID： NC238865 *, 配置ID： NC238702 *, 配置ID： NC238637 *, 配置ID： NC211615 *, 配置ID： NC211609 *"
293,成都大运汽车集团有限公司,大运牌,纯电动压缩式垃圾车,CGC5074ZYSBEV1NBLJFAGK,（第4批发布推荐车型）,2017,8,2072,"6490,6550",2400,7415,"5630,5765",77.60,三元材料锂离子电池,nan,110.86,nan,nan,nan,nan,nan,nan,nan,nan,nan,nan,nan,nan,100/5500/460,永磁同步电机,90,nan,nan,nan,204,nan,0.372,nan,nan,配置ID： NC211626 *
294,成都大运汽车集团有限公司,大运牌,纯电动厢式运输车,CGC5025XXYBEV1NBBFBAXY,（第5批发布推荐车型）,2017,8,1666,4198,1933,2200,1480,42.72,三元材料锂离子电池,nan,107.50,nan,nan,nan,nan,nan,nan,nan,nan,nan,nan,nan,nan,60/9000/200,永磁同步电机,100,nan,nan,265,nan,nan,0.378,nan,nan,配置ID： NC218787 *
295,成都大运汽车集团有限公司,大运牌,纯电动厢式运输车,CGC5025XXYBEV1NBBFBAXL,（第4批发布推荐车型）,2017,8,1666,4198,1933,2290,1680,42.72,三元材料锂离子电池,nan,101.71,nan,nan,nan,nan,nan,nan,nan,nan,nan,nan,nan,nan,60/9000/200,永磁同步电机,100,nan,nan,265,nan,nan,0.446,nan,nan,配置ID： NC211712 *
296,成都大运汽车集团有限公司,大运牌,纯电动厢式运输车,CGC5044XXYBEV1NBLJFAGK,（第3批发布推荐车型）,2017,8,"2050,2150,2250",5995,"2870,2970,3070",4490,2985,77.60,三元材料锂离子电池,nan,110.86,nan,nan,nan,nan,nan,nan,nan,nan,nan,nan,nan,nan,120/4500/850,永磁同步电机,80,nan,nan,nan,310,nan,0.267,nan,nan,配置ID： NC203383 *
297,奇瑞汽车股份有限公司,奇瑞牌,纯电动轿车,SQR7000BEVJ72,（第1批发布推荐车型）,2017,8,"1670, 1670, 1670, 1670, 1670","3200, 3200, 3200, 3200, 3200","1550,1590, 1550,1590, 1550,1590, 1550,1590, 1550,1590","1005,1195, 1195, 1005, 1005, 1005","855,895, 895, 855, 855, 855",nan,"三元锂离子电池, 三元锂离子电池, 三元锂离子电池, 三元锂离子电池, 三元锂离子电池",nan,"101.24, 103.40, 101.20, 98.40, 103.89",nan,"12.40, 12.40, 12.30, 12.30, 10.20",nan,nan,nan,nan,nan,nan,nan,nan,nan,nan,"30/2387/120, 30/2387/120, 30/2387/120, 30/2387/120, 30/2387/120","永磁同步电机, 永磁同步电机, 永磁同步电机, 永磁同步电机, 永磁同步电机","100, 100, 100, 100, 100",nan,nan,"151, 151, 151, 151, 151",nan,nan,nan,"100, 100, 100, 100, 100",nan,"配置ID： NC240220 *, 配置ID： NC212944 *, 配置ID： NC189259 *, 配置ID： NC189231 *, 配置ID： NC189156 *"
298,厦门金龙联合汽车工业有限公司,金龙牌,插电式混合动力城市客车,XMQ6106AGCHEVD59,（第6批发布推荐车型）,2017,8,"2500, 2500, 2500","10500, 10500, 10500","3400,3450, 3400,3450, 3400,3450","16550, 16550, 16550","11200,11700,12400, 11200,11700,12400, 11200,11700,12400","47.69, 47.69, 47.69","磷酸铁锂蓄电池, 磷酸铁锂蓄电池, 磷酸铁锂蓄电池","3.70, 3.70, 3.70",nan,nan,nan,"是, 是, 是","CA6DLD-20E5, YC6J200-52, WP6.200E50","一汽解放汽车有限公司无锡柴油机厂, 广西玉柴机器股份有限公司, 潍柴(潍坊)中型柴油机有限公司","6600/149, 6494/147, 6750/147",nan,"14.80, 14.80, 14.90",nan,nan,nan,"柴油/电混合动力, 柴油/电混合动力, 柴油/电混合动力","135/3000/2100, 135/3000/2100, 135/3000/2100","永磁同步电机, 永磁同步电机, 永磁同步电机","69, 69, 69",nan,"85, 85, 85",nan,nan,"60.50, 60.50, 60.30",nan,nan,nan,"配置ID： NC226502 *, 配置ID： NC226501, 配置ID： NC226500"
299,厦门金龙旅行车有限公司,金旅牌,纯电动城市客车,XML6809JEVW0C,（第2批发布推荐车型）,2017,8,2280,8050,"2860,2980",9600,6350,94.60,磷酸铁锂电池,12.00,"134.42(L176D01),131.11(L176B01)",nan,nan,nan,nan,nan,nan,nan,nan,nan,nan,nan,nan,150/4000/1500,永磁同步电机,69,nan,nan,nan,201,nan,0.230,nan,nan,配置ID： NC197555 *
300,厦门金龙旅行车有限公司,金旅牌,纯电动城市客车,XML6105JEVD0C1,（第2批发布推荐车型）,2017,8,"2550, 2550, 2550","10480, 10480, 10480","3300,3150, 3300,3150, 3300,3150","17500, 17500, 17500","11600,12090, 11600,12090, 11600,12090","202.80, 202.80, 202.80","磷酸铁锂电池, 磷酸铁锂电池, 磷酸铁锂电池","13.90, 13.90, 13.90","134.42, 134.42, 134.42",nan,nan,nan,nan,nan,nan,nan,nan,nan,nan,nan,nan,"200/2500/2500, 180/2500/2800, 200/3000/2800","永磁同步电机, 永磁同步电机, 永磁同步电机","69, 69, 69",nan,nan,nan,"265, 265, 265",nan,"0.224, 0.226, 0.225",nan,nan,"配置ID： NC240615 *, 配置ID： NC240581 *, 配置ID： NC197671"
301,厦门金龙旅行车有限公司,金旅牌,纯电动客车,XML6102JEVW0,（第4批发布推荐车型）,2017,8,"2500,2550",10490,"3400,3600",17500,"12000,11600,11200",152.10,磷酸铁锂电池,10.40,136.05,nan,nan,nan,nan,nan,nan,nan,nan,nan,nan,nan,nan,220/3500/2300,永磁同步电机,100,nan,nan,nan,201,nan,0.218,nan,nan,配置ID： NC214564 *
302,厦门金龙旅行车有限公司,金旅牌,纯电动城市客车,XML6805JEVD0C,（第3批发布推荐车型）,2017,8,"2350, 2350","8045, 8045","2930,3050, 2930,3050","11400, 11400","7350,7750, 7350,7750","111.50, 111.50","磷酸铁锂电池, 磷酸铁锂电池","12.50, 12.50","131.11, 131.11",nan,nan,nan,nan,nan,nan,nan,nan,nan,nan,nan,nan,"180/4000/2000, 150/3000/2000","永磁同步电机, 永磁同步电机","69, 69",nan,nan,nan,"214, 214",nan,"0.227, 0.228",nan,nan,"配置ID： NC240605 *, 配置ID： NC204743"
303,厦门金龙旅行车有限公司,金旅牌,纯电动城市客车,XML6105JEVW0C1,（第4批发布推荐车型）,2017,8,2550,10480,"3300,3150,3450",18000,"12200,12600",304.10,磷酸铁锂电池,19.20,136.05,nan,nan,nan,nan,nan,nan,nan,nan,nan,nan,nan,nan,180/2500/2800,永磁同步电机,69,nan,nan,nan,398,nan,0.225,nan,nan,配置ID： NC213901 *
304,中通客车控股股份有限公司,中通牌,插电式混合动力城市客车,LCK6107PHEVNC,（第1批发布推荐车型）,2017,8,2500,10500,"3120,3280,3480",16500,"10400,11000,11680",25.53,锰酸锂电池,4.10,nan,nan,nan,是,WP6NG210E50,潍柴西港新能源动力有限公司,6750/155,nan,nan,nan,nan,nan,NG/电混合动力,160/3000/1500,永磁同步电机,69,nan,57,nan,nan,nan,nan,nan,nan,配置ID： NC191579 *
305,南京金龙客车制造有限公司,开沃牌,纯电动邮政车,NJL5031XYZBEV,（第3批发布推荐车型）,2017,8,1700,4900,"2240,1980",3390,1900,46.33,三元锂锂离子动力蓄电池,nan,111.30,nan,nan,nan,nan,nan,nan,nan,nan,nan,nan,nan,nan,90/6000/500,永磁同步电机,100,nan,nan,221,nan,nan,0.256,nan,nan,配置ID： NC204852 *
306,南京金龙客车制造有限公司,开沃牌,纯电动厢式运输车,NJL5031XXYBEV,（第3批发布推荐车型）,2017,8,1700,4900,"2240,1980",3390,1900,46.33,三元锂锂离子动力蓄电池,nan,111.30,nan,nan,nan,nan,nan,nan,nan,nan,nan,nan,nan,nan,90/6000/500,永磁同步电机,100,nan,nan,221,nan,nan,0.256,nan,nan,配置ID： NC204541 *
307,南京金龙客车制造有限公司,开沃牌,纯电动邮政车,NJL5032XYZBEV,（第3批发布推荐车型）,2017,8,1700,5200,"2240,1980",3490,2000,46.33,三元锂锂离子动力蓄电池,nan,111.30,nan,nan,nan,nan,nan,nan,nan,nan,nan,nan,nan,nan,90/6000/500,永磁同步电机,100,nan,nan,213,nan,nan,0.259,nan,nan,配置ID： NC204967 *
308,南京金龙客车制造有限公司,开沃牌,纯电动厢式运输车,NJL5032XXYBEV,（第3批发布推荐车型）,2017,8,1700,5200,"2240,1980",3490,2000,46.33,三元锂锂离子动力蓄电池,nan,111.30,nan,nan,nan,nan,nan,nan,nan,nan,nan,nan,nan,nan,90/6000/500,永磁同步电机,100,nan,nan,213,nan,nan,0.259,nan,nan,配置ID： NC204919 *
309,湖南中车时代电动汽车股份有限公司,中国中车牌,纯电动城市客车,TEG6106BEV14,（第2批发布推荐车型）,2017,8,"2490, 2490","10490, 10490","3280,3150, 3280,3150","16000, 16000","11200,10900,10600, 11200,10900,10600","138.20, 138.20","磷酸铁锂蓄电池, 磷酸铁锂蓄电池","9.50,9.70,10.00, 9.50,9.70,10.00","137.27, 137.27",nan,nan,nan,nan,nan,nan,nan,nan,nan,nan,nan,nan,"150/3000/2500, 150/3000/2500","永磁同步电机, 永磁同步电机","69, 69",nan,nan,nan,"250, 250",nan,"0.207, 0.207",nan,nan,"配置ID： NC226385 *, 配置ID： NC197322 *"
310,石家庄中博汽车有限公司,广通客车牌,纯电动城市客车,SQ6121BEVBT7,（第3批发布推荐车型）,2017,8,2540,12000,"3040,2840",18000,12700,69.60,钛酸锂蓄电池,12.90,nan,5.16C,nan,nan,nan,nan,nan,nan,nan,nan,nan,nan,nan,200/3000/2800,永磁同步电机,69,nan,nan,nan,nan,nan,0.230,nan,nan,配置ID： NC207411 *
311,烟台舒驰客车有限责任公司,舒驰牌,纯电动厢式运输车,YTK5040XXYEV2,（第1批发布推荐车型）,2017,8,"1995, 1995","5960, 5960","2650, 2650","4490, 4490","3000, 3000","75.00, 75.00","三元锂电池, 三元锂电池",nan,"123.64, 127.96",nan,nan,nan,nan,nan,nan,nan,nan,nan,nan,nan,nan,"100/4000/745, 100/4000/745","永磁同步电机, 永磁同步电机","100, 100",nan,nan,nan,"380, 380",nan,"0.227, 0.236",nan,nan,"配置ID： NC239515 *, 配置ID： NC186877 *"
312,重庆瑞驰汽车实业有限公司,瑞驰牌,纯电动厢式运输车,CRC5030XXYB-LBEV,（第1批发布推荐车型）,2017,8,"1680, 1680, 1680","4500, 4500, 4500","2000, 2000, 2000","2510, 2510, 2510","1640, 1640, 1640","41.40, 41.40, 41.40","锰酸锂动力蓄电池, 锰酸锂动力蓄电池, 锰酸锂动力蓄电池",nan,"104.44,105.64,102.38,101.42, 101.42, 104.44",nan,nan,nan,nan,nan,nan,nan,nan,nan,nan,nan,nan,"60/9000/200, 60/8500/191, 60/8500/191","交流永磁同步电机, 交流永磁同步电机, 交流永磁同步电机","80, 80, 80",nan,nan,"233, 233, 233",nan,nan,"0.462, 0.455, 0.464",nan,nan,"配置ID： NC231631 *, 配置ID： NC213121, 配置ID： NC185906"
313,四川新筑通工汽车有限公司,通工牌,混合动力城市客车,TG6101CPHEV1,（第5批发布推荐车型）,2017,8,2480,10490,3450,17000,12600,42.12,锰酸锂电池,3.20,nan,nan,nan,是,YC6J210N-52,广西玉柴机器股份有限公司,6494/155,nan,nan,nan,nan,nan,NG/电混合动力,135/2600/2100,永磁同步电机,69,nan,51,nan,nan,nan,nan,nan,nan,配置ID： NC201517 *
314,成都通途交通机械实业有限公司,通途牌,纯电动厢式运输车,CTT5042XXYGW1BEV,（第3批发布推荐车型）,2017,8,"2120, 2120","5995, 5995","2900, 2900","4495, 4495","3370, 3370","75.30, 75.30","三元镍钴锰酸锂复合材料电池, 三元镍钴锰酸锂复合材料电池",nan,"103.08, 103.08",nan,nan,nan,nan,nan,nan,nan,nan,nan,nan,nan,nan,"90/4000/1200, 90/4000/1200","三相交流电机, 三相交流电机","80, 80",nan,nan,nan,"255, 255",nan,"0.453, 0.453",nan,nan,"配置ID： NC203996 *, 配置ID： NC203984 *"
315,成都通途交通机械实业有限公司,通途牌,纯电动厢式运输车,CTT5040XXYGW1BEV,（第4批发布推荐车型）,2017,8,"2000,2120",5995,2900,4495,3370,89.90,三元镍钴锰酸锂复合材料电池,nan,113.39,nan,nan,nan,nan,nan,nan,nan,nan,nan,nan,nan,nan,90/4000/1000,交流电机,80,nan,nan,nan,290,nan,0.488,nan,nan,配置ID： NC215370 *
316,成都雅骏汽车制造有限公司,通途牌,纯电动厢式运输车,CTT5071XXYGW1BEV,（第3批发布推荐车型）,2017,8,1980,5995,"2900,2860",7100,4050,75.30,三元镍钴锰酸锂复合材料电池,nan,103.08,nan,nan,nan,nan,nan,nan,nan,nan,nan,nan,nan,nan,90/4000/1000,交流电机,80,nan,nan,nan,170,nan,0.292,nan,nan,配置ID： NC203850 *
317,成都雅骏汽车制造有限公司,通途牌,纯电动仓栅式运输车,CTT5041CCYGW1BEV,（第5批发布推荐车型）,2017,8,2155,5995,3010,4495,3210,75.30,三元镍钴锰酸锂复合材料电池,nan,103.08,nan,nan,nan,nan,nan,nan,nan,nan,nan,nan,nan,nan,90/4000/1000,交流电机,80,nan,nan,nan,250,nan,0.456,nan,nan,配置ID： NC218759 *
318,成都通途交通机械实业有限公司,通途牌,纯电动冷藏车,CTT5030XLCGC1BEV,（第1批发布推荐车型）,2017,8,1560,4240,"2530,2460",2800,1900,43.60,三元镍钴锰酸锂复合材料电池,nan,100.39,nan,nan,nan,nan,nan,nan,nan,nan,nan,nan,nan,nan,50/4700/500,永磁同步电机,85,nan,nan,250,nan,nan,0.350,nan,nan,配置ID： NC188937 *
319,成都雅骏汽车制造有限公司,通途牌,纯电动仓栅式运输车,CTT5040CCYGC2BEV,（第6批发布推荐车型）,2017,8,2150,5995,2930,4495,3210,75.30,三元镍钴锰酸锂复合材料电池,nan,103.08,nan,nan,nan,nan,nan,nan,nan,nan,nan,nan,nan,nan,90/3500/1200,三相交流电动机,85,nan,nan,nan,255,nan,0.448,nan,nan,配置ID： NC225610 *
320,成都通途交通机械实业有限公司,通途牌,纯电动厢式运输车,CTT5040XXYGC2BEV,（第3批发布推荐车型）,2017,8,2150,5995,2930,4495,3300,75.30,三元镍钴锰酸锂复合材料电池,nan,103.08,nan,nan,nan,nan,nan,nan,nan,nan,nan,nan,nan,nan,90/3500/1200,三相交流电动机,85,nan,nan,nan,255,nan,0.412,nan,nan,配置ID： NC208414 *
321,成都雅骏汽车制造有限公司,通途牌,纯电动厢式运输车,CTT5041XXYBEV,（第1批发布推荐车型）,2017,8,2120,5995,2900,4495,3370,75.30,三元镍钴锰酸锂复合材料电池,nan,103.08,nan,nan,nan,nan,nan,nan,nan,nan,nan,nan,nan,nan,90/4000/1000,交流电机,80,nan,nan,nan,250,nan,0.480,nan,nan,配置ID： NC188835 *
322,成都通途交通机械实业有限公司,通途牌,纯电动厢式运输车,CTT5030XXYGC1BEV,（第1批发布推荐车型）,2017,8,1560,"4190,4390,4590","2120,2485",2710,"1800,1690",43.60,三元镍钴锰酸锂复合材料电池,nan,100.39,nan,nan,nan,nan,nan,nan,nan,nan,nan,nan,nan,nan,50/4700/500,永磁同步电机,85,nan,nan,250,nan,nan,0.340,nan,nan,配置ID： NC188923 *
